subjectID,Min,Max,Crossover_S,Slope_S,Crossover_C,Slope_C,Slope_avg,Crossover_avg,exitflag,R,LS,AR,N,Exclude,status,WJOC,WJSR,age,agegroup,CMu,CH,CS1,CS2,CB1,CB2,Cexitflag,CR,CLS,CAR,CN,Cstatus,UMu,UH,US1,US2,UB1,UB2,Uexitflag,UR,ULS,UAR,UN,Ustatus,SemanticMax,SemanticMax-UnrelatedMax,SemanticMax-UnrelatedAtTimeOfSemanticMax,SemanticMaxDivUnrelatedAtTimeOfSemanticMax,MaxDiffBetweenSemantic&Unrelated,TimeOfMaxSemantic,TimeOfMaxDiff,variable,MinTime,MaxTime,extentCmU3,Exclude,goacc,nogoacc,gntestacc,gntotalacc,sscongruent,ssincongruent,sstotal,acc,rt,gnrt,ssrt,globalstop,respinhib
98,1.87E-08,0.823921915,564.3440126,0.001264997,669.3417182,0.001381848,0.001323423,616.8428654,2010,0.99613709,0.000670099,0.976154783,501,,1,110.1173,106.5987,7.8,1,396.6994374,0.245238637,137.5884433,265.4097856,2.77E-09,0.080002859,2020,0.957307012,0.000356515,0.965277095,501,1,296.7822667,0.216118889,90.09551375,247.8261852,1.48E-08,0.037002358,2020,0.982905692,1.23E-04,0.945690198,501,1,0.245239,0.0776362,0.0789574,1.47484,0.0806587,396.699,452,,476,696,220,,0.9875,0.7,0.93,0.946153846,718.9808333,740.9121277,729.8310526,0.98958333,1822.547368,502.671625,729.9464805,-0.410666505,-0.322377463
114,1.93E-08,0.878131282,780.0381459,0.000931696,762.5818994,0.000822514,0.000877105,771.3100226,2020,0.994850235,0.001071403,0.984337156,501,,1,95.81021,88.4171,7.4,1,391.5464381,0.274629677,108.591838,470.0543627,1.89E-02,0.030886182,2010,0.984651644,0.000238763,0.936889548,501,1,427.7426562,0.191022614,144.4765972,365.9782636,3.07E-03,0.021182978,2010,0.979252262,0.000157875,0.95438855,501,1,0.27463,0.116904,0.117561,1.74847,0.118045,391.546,384,,248,1072,824,,0.975,0.8,0.94,0.946153846,1190.90898,1458.127826,1320.299158,0.95833333,2303.926471,541.4875,1324.518403,-2.084783691,1.08130178
300,8.53E-08,0.916543247,734.2756252,0.00098942,723.8775335,0.001192938,0.001091179,729.0765794,2010,0.995275419,0.001042733,0.982460737,501,,1,105.7798,113.7305,7.8,1,472.6633826,0.241093001,138.2072607,348.4950768,9.25E-09,0.04229044,2020,0.977146875,0.000256501,0.944437383,501,1,363.3901365,0.175858828,79.40321263,367.033382,1.28E-08,0.015452563,2010,0.987692291,8.10E-05,0.913043234,501,1,0.241093,0.089299,0.0970047,1.67323,0.103455,472.663,588,,496,1076,580,,0.9875,0.8,0.95,0.961538462,1034.545556,1189.240789,1105.36988,1,3744.947917,472.825375,1111.893173,0.586024029,1.332525639
375,7.81E-08,0.632096693,619.4299351,0.00120731,704.4344804,0.00095201,0.00107966,661.9322078,2020,0.993334058,0.000814852,0.981307201,501,,1,113.1684,102.2645,8.2,1,568.7943744,0.130331646,154.3980517,440.2734419,1.03E-06,0.130331544,2010,0.940852234,0.000284644,0.973155754,501,1,457.282154,0.127016925,132.3655943,260.629532,1.81E-08,0.02007602,2020,0.961085109,0.000116267,0.961851535,501,1,0.130332,0.0398901,0.042861,1.49,0.113143,568.794,2000,,876,2000,1124,,1,0.95,0.99,0.992307692,835.4338,879.7680851,856.9153608,0.98958333,1636.305263,499.6285,857.6009426,-0.101165608,-0.338400607
385,1.03E-02,0.79913623,613.9496326,0.001217485,590.4032558,0.001038325,0.001127905,602.1764442,2010,0.996999503,0.000504634,0.970984698,501,,1,128.2119,126.2603,8.4,1,489.5154399,0.17802234,223.6036899,413.2800726,9.36E-09,0.046363734,2020,0.947843561,0.000274484,0.960267717,501,1,372.1466898,0.265167754,117.9321537,202.1006565,1.05E-02,0.03846133,2010,0.988235922,0.00012677,0.945756685,501,1,0.178022,0.0165525,0.0478178,1.36725,0.118601,489.515,744,,608,1108,500,,0.975,0.75,0.93,0.946153846,831.6133333,814.6046809,822.9241304,1,1936.114583,483.892,823.1090071,-0.240736159,-1.11246209
496,3.17E-08,0.886585479,644.2165252,0.00093792,636.8064398,0.000916571,0.000927246,640.5114825,2020,0.996138454,0.000706577,0.980084801,501,,1,98.87095,100,7.7,1,801.1302379,0.1510237,464.4139156,315.5393021,3.54E-09,0.019890354,2020,0.936626213,3.22E-04,0.976689,501,1,390.3233322,0.237882194,148.1525229,262.5610126,3.98E-09,0.032164699,2010,0.991546322,8.74E-05,0.936971195,501,1,0.151024,-0.0175525,0.0692453,1.84674,0.0828857,801.13,932,,796,1136,340,,1,0.85,0.97,0.976923077,860.2406,949.4342553,903.4581443,1,2285.666667,563.693625,904.8374277,0.640567484,0.532390292
583,1.04E-07,0.742537943,682.1591068,0.001272029,693.2376967,0.000811849,0.001041939,687.6984018,2020,0.998529335,0.000250952,0.955727153,501,,1,80.77673,95.0222,8.5,1,646.7415515,0.258897608,208.7978429,190.827024,4.04E-07,0.040438711,2010,0.987973,0.000144038,0.922482706,501,1,360.5701302,0.197057424,74.61617586,246.9437384,1.68E-02,0.007676904,2020,0.993217207,4.95E-05,0.906430472,501,1,0.258898,0.121526,0.159603,2.60737,0.162933,646.742,684,,556,840,284,,1,0.95,0.99,0.992307692,780.9168,901.6556,841.2862,1,2012.5625,537.260625,841.2862,1.194569791,0.768995676
706,4.42E-08,0.850786144,708.6995024,0.000905692,769.4662778,0.000882707,0.000894199,739.0828901,2020,0.997396225,0.000471993,0.967159516,501,,1,100.376,111.0827,7.6,1,274.6285076,0.173212286,40.08438351,943.6404838,5.18E-07,5.18E-08,2010,0.937305287,0.00041806,0.976055405,501,1,440.2181526,0.217228819,149.2260053,316.6803685,9.18E-09,0.02794597,2020,0.986551614,0.000125128,0.950541795,501,1,0.173212,0.00682477,0.0234897,1.15689,0.0631961,274.629,1216,,980,1268,288,,1,1,1,1,1047.385,1124.490217,1085.11734,1,2076.510417,606.9395,1085.937609,-0.320238484,0.273416073
774,2.21E-08,0.697330596,771.1458868,0.000789699,707.4888385,0.000768482,0.00077909,739.3173626,2020,0.99688975,0.000435306,0.974397824,501,,1,112.0963,92.98452,8.8,1,377.199346,0.163231883,87.68423583,967.1564827,2.80E-03,3.40E-06,2020,0.952969482,0.000249583,0.966582262,501,1,398.8748176,0.163335362,90.24443269,375.0900126,2.02E-07,0.034085124,2010,0.982486095,8.70E-05,0.942590361,501,1,0.163232,0.0563646,0.0563665,1.52745,0.0613957,377.199,992,,700,1324,624,,0.975,0.6,0.9,0.915384615,1047.033958,1524.650227,1275.45913,1,2560.260417,427.478875,1285.842093,-2.871622036,3.042667648
815,8.97E-09,0.725037908,625.0142225,0.000754713,608.2848374,0.000882622,0.000818667,616.64953,2020,0.99706515,0.000345145,0.960420291,501,,1,96.9716,99.62397,8.8,1,533.4986681,0.143774385,225.8685413,569.002579,9.16E-08,0.058617686,2020,0.966315691,9.23E-05,0.917575236,501,1,368.5948509,0.228907913,128.1148798,247.9741856,2.54E-04,0.043062884,2020,0.989732093,8.33E-05,0.928250876,501,1,0.143774,-0.0526323,-0.0211941,0.871527,0.0596797,533.499,1080,,784,1116,332,,1,0.8,0.96,0.969230769,932.3420833,1024.829762,975.503,0.98958333,1856.673684,492.055,978.5859226,-2.203119617,-0.916224285
868,3.22E-08,0.913203556,678.034315,0.001192893,678.0635764,0.001020979,0.001106936,678.0489457,2010,0.998371985,0.000379109,0.964698271,501,,1,128.2119,100.7523,8.1,1,513.5595581,0.229248289,188.3334077,378.0258152,9.64E-09,0.018530744,2010,0.975804603,0.000289535,0.964172516,501,1,320.8708893,0.200518329,82.6040913,307.4263527,1.18E-02,0.017178877,2020,0.9921366,6.08E-05,0.888362371,501,1,0.229248,0.139194,0.143901,2.68607,0.14449,513.56,548,,624,876,252,,0.9875,0.85,0.96,0.969230769,920.1738,947.152,932.9529474,0.98958333,2394.4,483.76175,933.6629,-1.436303521,-1.742717424
1232,1.35E-07,0.846327084,764.5960848,0.001025282,713.4369675,0.001032967,0.001029125,739.0165262,2010,0.997840289,0.000456493,0.970698722,501,,1,115.5465,104.1898,7.6,1,492.8941561,0.191944152,157.2094155,526.9982325,3.32E-09,0.022074258,2020,0.972325237,0.000226811,0.958424299,501,1,359.3819258,0.281535745,92.01234467,307.0145266,1.15E-02,0.046299001,2010,0.992148367,0.000105735,0.931133908,501,1,0.191944,0.00505601,0.0271343,1.16464,0.0797377,492.894,916,,644,1468,824,,0.9875,0.75,0.94,0.953846154,758.9470833,809.3960976,782.1876404,1,2438.729167,433.74375,784.1715904,-0.783152333,-0.263347219
1295,9.59E-08,0.90889839,584.2002067,0.001296922,773.3329025,0.001338917,0.001317919,678.7665546,2010,0.99648943,0.000729238,0.979791712,501,,1,120.1113,104.9778,7.5,1,310.1026116,0.200062602,59.15660805,354.0449948,3.70E-02,0.022362917,2010,0.987040171,9.46E-05,0.921354699,501,1,338.0922168,0.240352633,118.0262182,263.4441676,1.19E-02,0.017754488,2010,0.993436483,7.36E-05,0.908382183,501,1,0.200063,0.0240429,0.05648,1.39336,0.0640944,310.103,292,,664,2000,1336,,1,0.75,0.95,0.961538462,1078.7142,951.8106522,1017.90625,1,1891.729167,442.923,1015.262426,-0.723555993,-2.112412001
1302,1.70E-08,0.767034243,743.839493,0.000858816,868.9104041,0.000714144,0.00078648,806.3749485,2020,0.994170604,0.00101675,0.986487135,501,,1,107.866,103.4132,7.2,1,406.0081391,0.199044104,121.2422397,465.9158456,7.24E-09,0.031672649,2020,0.976095866,0.000193796,0.939414981,501,1,423.8636669,0.198978873,114.8622096,369.1483457,1.09E-04,0.016415539,2020,0.985749981,0.000123345,0.939208914,501,1,0.199044,0.0310355,0.0310378,1.18474,0.0332897,406.008,312,,620,2000,1380,,0.975,0.65,0.91,0.930769231,920.9112245,779.5220408,850.2166327,0.98958333,2549.513889,470.852875,850.2166327,-0.45900083,-1.563229911
1303,5.71E-08,0.64687079,461.6539157,0.000926716,527.3325971,0.000951761,0.000939238,494.4932564,2020,0.994443459,0.00048712,0.980544235,501,,1,116.8959,103.0284,8.2,1,174.3963221,0.107301198,34.80562786,461.9504462,4.78E-05,0.02963728,2020,0.893741093,2.17E-04,0.974267778,501,1,384.920616,0.12076041,146.1002744,184.5585176,5.00E-08,0.01056071,2010,0.97631853,6.25E-05,0.939912933,501,1,0.107301,-0.024538,0.0204448,1.23539,0.0328746,174.396,884,,784,1220,436,,0.9875,0.65,0.92,0.938461538,773.0253061,915.8955814,839.8016304,1,1637.729167,499.380375,844.4604438,-1.117247866,0.560602179
1305,2.02E-08,0.913156841,701.5430183,0.001116248,766.9280949,0.001006898,0.001061573,734.2355566,2020,0.997326806,0.000668084,0.981929623,501,,1,115.5465,109.6502,8.4,1,521.890697,0.148638924,265.7083456,487.1009612,8.38E-09,0.016710574,2020,0.934094366,0.000315668,0.973810509,501,1,401.5104042,0.219447753,120.892958,260.5294162,1.40E-02,0.013064795,2010,0.993207021,6.53E-05,0.90531724,501,1,0.148639,0.0389185,0.0460424,1.44877,0.0684686,521.891,872,,844,1092,248,,1,0.8,0.96,0.969230769,721.3806818,789.1258537,754.0577647,0.98958333,3736.252632,525.568625,755.2532677,-0.15699693,0.120849394
1309,2.28E-08,0.740351908,666.4096653,0.000699607,714.6655432,0.000757911,0.000728759,690.5376043,2010,0.991350754,0.001117138,0.988027355,501,,1,100,106.5987,7.3,1,290.9979405,0.189556295,70.08405942,684.1615477,5.88E-07,0.011449766,2011,0.982701607,0.000136792,0.918166817,501,1,344.1241099,0.171508491,95.3013693,308.009747,1.10E-08,0.01772049,2010,0.970282091,0.000175645,0.971048077,501,1,0.189556,0.0407847,0.041633,1.28145,0.0724091,290.998,960,,636,1036,400,,0.9375,0.55,0.86,0.876923077,873.14375,978.1588889,923.9575269,0.97916667,2590.702128,425.60125,925.6513194,-2.764573741,0.458309857
1313,1.24E-08,0.869997608,901.455105,0.00084866,808.7176928,0.000831105,0.000839882,855.0863989,2010,0.997518652,0.000525223,0.973859841,501,,1,114.9169,100.376,7.7,1,545.3879469,0.256045572,138.3505313,384.7512381,5.72E-03,0.064010971,2020,0.989266733,0.00012685,0.917229628,501,1,471.4588788,0.156955886,127.2098128,631.0263025,1.06E-02,6.03E-03,2020,0.989383221,5.55E-05,0.906569767,501,1,0.256046,0.088409,0.0893708,1.5362,0.0911655,545.388,640,,496,736,240,,0.9875,0.75,0.94,0.946153846,917.205,1012.438261,963.8085106,0.97916667,2660.585106,442.331625,964.8216304,-1.817794772,0.064411871
1319,7.81E-03,0.883903393,693.1762855,0.001295712,664.5689333,0.001095629,0.001195671,678.8726094,2020,0.997368814,0.000583976,0.973161325,501,,1,113.7305,91.25738,7.8,1,624.1237903,0.255683351,237.5315071,201.4209677,3.57E-09,0.052907139,2020,0.977796654,0.000246961,0.952495837,501,1,326.9930637,0.252774165,82.8962437,281.6286337,1.73E-02,0.021670118,2020,0.989117867,1.30E-04,0.940046673,501,1,0.255683,0.0858256,0.124858,1.95438,0.132017,624.124,680,,540,824,284,,0.9875,0.55,0.9,0.907692308,978.7004651,1147.732727,1064.188046,1,2707.6875,433.946625,1063.216596,-1.648745769,1.088506889
1327,5.48E-03,0.859577305,547.300727,0.00132124,620.6360436,0.001051899,0.001186569,583.9683853,2010,0.996869104,0.000560499,0.96763323,501,,1,117.6248,100.376,8.2,1,458.4346104,0.303734467,158.3181105,170.0830637,5.90E-09,0.043545272,2020,0.988512344,0.000170382,0.947965711,501,1,298.3741642,0.187669996,92.59871051,239.3935669,8.53E-09,0.027935441,2020,0.983904438,9.08E-05,0.935796662,501,1,0.303734,0.146778,0.165528,2.19769,0.168786,458.435,488,,372,600,228,,0.975,0.65,0.91,0.923076923,1130.996364,1355.488667,1244.503708,0.98958333,2455.705263,474.753875,1243.242515,-3.647589248,0.326563213
1334,1.00E-02,0.899999991,695.2091218,0.001080382,669.9603697,0.000962378,0.00102138,682.5847457,2010,0.995266264,0.001013169,0.988002273,501,,1,100.376,101.5065,7.96,1,639.0742083,0.220739696,276.9547774,288.3771953,1.14E-08,0.01123724,2010,0.970477032,0.000358533,0.959307499,501,1,310.2381589,0.244040175,73.70592706,330.3748765,8.72E-03,0.027874545,2010,0.992501759,8.36E-05,0.921854295,501,1,0.22074,0.0623321,0.0938396,1.73948,0.0996657,639.074,712,,656,988,332,,0.975,0.8,0.94,0.946153846,1389.35,1467.621389,1425.017975,0.98958333,2289.450704,566.056,1428.485694,1.209672895,1.017604635
1338,5.24E-08,0.852768179,608.8745439,0.001198585,674.8115234,0.000842551,0.001020568,641.8430336,2010,0.998196897,0.000335034,0.956265259,501,,1,123.3216,122.1369,7.2,1,459.6118745,0.191627755,214.0032312,296.8583019,7.37E-09,0.025700531,2010,0.984863863,1.10E-04,0.92570469,501,1,294.2456278,0.202318115,105.2611536,308.5302269,3.79E-08,0.022304417,2010,0.98011389,1.57E-04,0.965801874,501,1,0.191628,0.0497879,0.07162,1.5968,0.0771185,459.612,404,,492,688,196,,0.975,0.9,0.96,0.969230769,863.9608163,985.5926531,924.7767347,1,2026.770833,551.2535,924.7767347,-0.438329046,0.480916189
1349,2.39E-08,0.962168661,600.4126389,0.001460369,641.1016672,0.00143894,0.001449655,620.757153,2020,0.998332564,0.000414772,0.970414864,501,,1,101.1291,102.6456,8.3,1,518.0368802,0.286184147,192.5944445,186.2241621,3.08E-07,0.012236613,2010,0.991768366,0.000140417,0.925075605,501,1,311.4600228,0.196771501,51.71438401,282.0894302,7.14E-03,0.012819725,2010,0.986452518,9.84E-05,0.947492619,501,1,0.286184,0.0626735,0.101469,1.54932,0.115402,518.037,588,,448,624,176,,0.975,1,0.98,0.976923077,933.9631111,952.0106061,941.5985897,1,2054.520833,488.42825,942.9868586,0.922403362,0.190762205
1371,1.28E-08,0.796140409,559.3806577,0.000973989,622.6312308,0.001067543,0.001020766,591.0059443,2020,0.995505235,0.000658851,0.978092165,501,,1,98.87095,83.10413,8.2,1,425.6154933,0.183039367,157.0699767,352.6005625,4.58E-09,0.039815749,2020,0.982993869,9.97E-05,0.922601896,501,1,281.7541649,0.144890865,103.8307097,280.6501109,7.95E-08,0.032139116,2010,0.979014569,6.50E-05,0.932235825,501,1,0.183039,0.0448231,0.0615307,1.50639,0.0776767,425.615,636,,352,948,596,,0.8875,0.95,0.9,0.923076923,1002.848511,1249.150909,1121.93978,1,2120.020833,522.214,1125.99971,0.303709895,1.12036213
1375,1.33E-08,0.693727966,646.0761864,0.000837913,641.6223701,0.000921735,0.000879824,643.8492782,2020,0.994310135,0.000696628,0.979543174,501,,1,98.49349,94.22019,8.7,1,811.5854188,0.15923985,389.2426928,337.8497207,1.47E-08,0.040766963,2020,0.910249242,0.000437103,0.975544361,501,1,402.2733548,0.227657283,117.2072801,276.6895391,1.39E-08,0.038900716,2020,0.984620733,0.000137208,0.955994532,501,1,0.15924,-0.00342048,0.0566207,1.55176,0.0754119,811.585,1004,,736,1236,500,,0.975,0.65,0.91,0.930769231,676.0614286,822.7923256,744.6421739,0.96875,2699.247312,448.676375,749.4268771,-0.874629835,0.654734793
1379,1.18E-02,0.632116086,562.4139802,0.000915002,662.8676101,0.000907168,0.000911085,612.6407952,2010,0.993025299,0.000661519,0.970979036,501,,1,104.1898,105.7798,8.4,1,331.3641065,0.213197902,115.0914151,244.348339,3.50E-08,0.075338587,2010,0.938448837,0.000339113,0.941554748,501,1,246.560161,0.133245279,88.04868054,403.3408065,1.61E-08,0.027456712,2020,0.95835303,0.000129707,0.954965439,501,1,0.213198,0.0369161,0.038124,1.21776,0.0654089,331.364,2000,,324,2000,1676,,0.9875,0.5,0.89,0.907692308,NA,NA,NA,0.95774648,1920.220588,504.579,NA,,
1381,2.43E-07,0.935130699,735.0621569,0.000860201,774.4169021,0.001005068,0.000932634,754.7395295,2010,0.996771522,0.000617324,0.972695784,501,,1,112.6243,104.9778,7.5,1,682.6536979,0.232109385,314.248717,296.7016204,1.30E-02,0.019406799,2010,0.973497673,0.000321168,0.962450256,501,1,406.6069241,0.204272433,143.6373268,335.2067792,1.82E-02,0.019905868,2010,0.977987096,0.000189507,0.959067486,501,1,0.232109,0.0281031,0.0839182,1.56628,0.101409,682.654,808,,620,980,360,,0.9625,0.65,0.9,0.915384615,1108.124286,1227.09,1158.643973,0.94791667,2724.582418,532.9015,1167.607143,-3.36375405,-0.784649357
1407,2.17E-07,0.660207616,665.1082179,0.000903138,649.5437639,0.000796256,0.000849697,657.3259909,2010,0.997633843,0.000314292,0.961170667,501,,1,97.35439,114.9169,8.3,1,463.1408358,0.206117559,157.2067153,333.3046564,5.14E-09,0.061376846,2020,0.966990058,0.000223466,0.955943706,501,1,262.7934541,0.181825234,69.17428045,261.4862567,7.26E-03,0.032774621,2020,0.982251893,8.70E-05,0.92116352,501,1,0.206118,0.0600168,0.0677511,1.48965,0.0729473,463.141,576,,428,1332,904,,0.95,0.7,0.9,0.923076923,1156.468125,952.3665957,1055.491579,0.89583333,1918.674419,549.603375,1054.41736,-0.200133802,-1.955736729
1416,5.12E-08,0.832789723,646.3764878,0.001258849,688.3200823,0.001193321,0.001226085,667.348285,2010,0.998570108,0.000292484,0.949386905,501,,1,103.0284,98.87095,11.4,2,601.4131809,0.246805299,222.7610827,220.0780998,1.88E-08,0.032172592,2020,0.970951479,0.000351477,0.964049514,501,1,393.9845597,0.167925593,118.0722757,236.0536004,8.34E-09,0.05042013,2020,0.981246399,7.04E-05,0.919782261,501,1,0.246805,0.0882419,0.106611,1.76046,0.111854,601.413,652,,484,744,260,,1,0.7,0.94,0.953846154,848.7095745,796.0257895,825.1568235,1,1890.34375,430.1515,822.367682,-0.848705126,-1.115751783
1418,1.63E-07,0.909777195,565.4377995,0.001253825,488.2259807,0.001233488,0.001243656,526.8318901,2010,0.996338408,0.000739523,0.981385353,501,,1,116.2048,92.134,11.02,2,437.1915486,0.275443982,157.425188,241.4513938,1.32E-08,0.032244138,2020,0.979313313,0.000300826,0.961318106,501,1,241.7599928,0.211772508,56.60158489,324.2765658,4.31E-03,0.011763323,2010,0.985331257,1.35E-04,0.951593286,501,1,0.275444,0.101707,0.142405,2.0704,0.164576,437.192,544,,276,688,412,,1,0.95,0.99,0.992307692,679.1532653,718.8246667,698.1448936,0.98958333,1606.810526,491.85525,698.988966,0.319461049,-0.51456429
1428,1.49E-08,0.645973433,568.6626664,0.001036413,698.7293131,0.000812032,0.000924222,633.6959897,2010,0.994669225,0.000677226,0.982789535,501,,1,92.134,95.41779,12.6,2,363.0136298,0.135636156,101.4185639,414.1485182,4.32E-03,0.02816089,2020,0.942126552,0.000200453,0.964684028,501,1,406.6700245,0.109218484,94.59345703,198.4156948,0.006517207,0.038602479,2020,0.97625686,3.10E-05,0.876521455,501,1,0.135636,0.021296,0.0249701,1.22564,0.0402696,363.014,284,,752,924,172,,1,0.9,0.98,0.976923077,1439.1852,1413.040208,1426.37949,0.98958333,2267.105263,544.387625,1426.112704,-0.296891649,-1.180869114
1432,1.33E-02,0.904253658,480.3063674,0.001427881,542.4769598,0.001376943,0.001402412,511.3916636,2020,0.992104344,0.001396331,0.988426175,501,,1,100,92,12.4,2,459.9299073,0.246998479,194.7434856,190.1960276,4.83E-09,0.0399605,2020,0.981386839,0.000188642,0.937831345,501,1,213.341213,0.19509005,67.54737866,236.127706,7.92E-09,0.020214919,2020,0.989033344,6.82E-05,0.930179653,501,1,0.246998,0.0842783,0.128555,2.08537,0.135175,459.93,508,,396,740,344,,1,0.9,0.98,0.984615385,724.5660417,734.8685714,729.7704124,0.98958333,1949.473684,393.3925,729.7173065,-0.424056793,-0.046941423
1436,2.49E-08,0.89034786,574.7664433,0.001990754,589.4506656,0.001515266,0.00175301,582.1085545,2020,0.998255294,0.000457267,0.973307804,501,,1,130.8062,89.88265,12.9,2,433.8693306,0.121855947,154.8510502,512.149106,1.13E-06,0.016417809,2010,0.968877334,9.55E-05,0.904756285,501,1,481.2900923,0.118619907,180.632932,141.4240346,4.94E-08,0.020511735,2020,0.982372775,3.66E-05,0.888324984,501,1,0.121856,0.0589423,0.0667163,2.20995,0.0689893,433.869,404,,640,1160,520,,1,0.85,0.97,0.976923077,608.4524,721.2508,664.8516,0.98958333,1643.978947,541.556875,664.8516,0.253143176,0.925431691
1439,4.02E-03,0.799061716,530.156945,0.00135716,570.7603026,0.00094786,0.00115251,550.4586238,2020,0.995754573,0.000673685,0.974798739,501,,1,120.1113,95.81021,11.09,2,583.296687,0.242816613,229.092533,113.482767,3.33E-09,0.065824353,2020,0.969525472,0.000232883,0.951268655,501,1,295.4025375,0.221741235,96.47543573,217.3605272,8.74E-06,0.046026144,2010,0.981383622,1.24E-04,0.946344144,501,1,0.242817,0.0746857,0.108655,1.80988,0.11064,583.297,600,,520,704,184,,0.9875,0.95,0.98,0.976923077,697.39125,666.5708163,681.8221649,0.97916667,1884.053191,460.00625,681.9810332,0.028792829,-0.76232592
1440,2.19E-08,0.899858967,626.8085172,0.000896136,699.5144203,0.000944784,0.00092046,663.1614687,2010,0.994514877,0.001024268,0.986139602,501,,1,130.8062,112.0963,8.9,1,395.5084044,0.17915817,131.0239899,505.5231378,0.003818122,0.029219972,2020,0.93009559,0.000467936,0.978234851,501,1,336.8625701,0.199577273,93.87972561,391.0045882,2.36E-03,0.021467233,2020,0.989089788,8.93E-05,0.936693827,501,1,0.179158,0.0186483,0.0186629,1.11628,0.0292267,395.508,968,,1136,1352,216,,0.95,0.65,0.89,0.915384615,928.9695349,1106.738333,1016.808235,1,1706.71875,453.243375,1017.853934,-0.506895195,1.677853159
1597,0.0163788,0.886629653,731.3798732,0.00161238,710.3759375,0.001106366,0.001359373,720.8779054,2010,0.996230532,0.000947859,0.981428852,501,,1,99.62397,91.69923,8.1,1,605.4242914,0.190334988,187.2496837,189.3197372,4.73E-04,0.048793981,2020,0.978951986,0.000114412,0.920821595,501,1,464.0608478,0.23161166,114.2063599,281.7611113,1.47E-02,0.014909866,2010,0.992300606,8.33E-05,0.917087513,501,1,0.190335,0.0549006,0.0676763,1.55174,0.0697366,605.424,640,,1296,2000,704,,0.9625,0.95,0.96,0.946153846,942.1441667,1205.350652,1070.94734,0.97916667,3248.382979,542.04325,1073.747409,-0.154670329,1.920843619
1769,2.06E-08,0.818022006,680.6227369,0.000940905,691.2736576,0.001042794,0.000991849,685.9481973,2020,0.996070977,0.000746482,0.980356522,501,,1,100.376,107.0155,7.6,1,627.2509166,0.210793306,262.8394751,257.6886243,1.17E-08,0.033526489,2020,0.952614423,0.000443927,0.980260426,501,1,343.3382065,0.195024744,81.58132711,276.4779487,1.57E-03,0.038564361,2020,0.980015697,0.000120121,0.943640372,501,1,0.210793,0.0757196,0.106812,2.02723,0.113379,627.251,700,,588,940,352,,0.975,0.85,0.95,0.961538462,1236.805319,1296.694737,1263.579412,1,3018.46875,559.062625,1266.750028,0.836220816,0.077031885
2238,0.021000852,0.858718165,566.2374924,0.002657047,601.5890638,0.001823134,0.00224009,583.9132781,2010,0.998284266,0.00039561,0.964430989,501,,1,134.8952,134.8952,11.4,2,372.6066038,0.137685057,87.23384728,309.1197355,4.50E-03,0.041973326,2020,0.974251899,6.97E-05,0.90540667,501,1,429.2899916,0.161693317,153.7094676,115.0514544,5.94E-03,0.028152337,2010,0.964109226,0.000122214,0.963224362,501,1,0.137685,-0.0445852,-0.0319197,0.8118,0.0347065,372.607,772,,632,964,332,,0.9875,0.9,0.97,0.969230769,668.5393878,640.8995833,654.8619588,0.98958333,1394.816901,653.497,654.7194855,-0.035241674,-0.939580477
2240,2.74E-08,0.947923809,579.7151658,0.001238538,664.0769802,0.001346305,0.001292422,621.896073,2010,0.998074807,0.000408547,0.96606969,501,,1,96.58682,96.19979,11,2,421.9277658,0.229713815,131.593347,356.8946885,1.40E-07,0.014843515,2010,0.979676313,0.000243241,0.946253298,501,1,282.8192167,0.217337782,69.62974185,268.133407,2.50E-02,0.008086176,2020,0.989814946,9.41E-05,0.93668505,501,1,0.229714,0.0382982,0.0484315,1.26716,0.0880483,421.928,712,,452,1096,644,,1,0.85,0.97,0.976923077,681.5757143,641.5688372,662.8768478,0.98958333,1377.389474,421.88325,661.5722757,0.303941942,-0.873935692
2246,5.21E-08,0.935039162,445.265052,0.001819557,515.7929447,0.002162315,0.001990936,480.5289984,2020,0.998545766,0.000298824,0.952423457,501,,1,110.5945,98.49349,11.5,2,281.9335891,0.157556244,103.180971,381.0973929,5.96E-07,0.014298973,2020,0.982541893,9.19E-05,0.921498003,501,1,307.3075847,0.127956688,109.1362517,183.6088262,2.02E-08,0.012841488,2010,0.986345553,3.58E-05,0.909037664,501,1,0.157556,0.0341982,0.0360779,1.29699,0.0682704,281.934,576,,320,1008,688,,1,0.95,0.99,0.992307692,526.4216,634.5518367,579.9406061,1,1336,411.84175,580.4867184,0.626693766,0.452343466
2250,1.91E-02,0.816539122,710.6519191,0.001205339,801.9047642,0.000877867,0.001041603,756.2783416,2020,0.998218028,0.000336461,0.954911951,501,,1,111.0827,100.376,7.3,1,480.7579565,0.089538573,164.2348508,546.5531561,1.00E-06,0.024783917,2020,0.951590595,6.84E-05,0.942942504,501,1,496.203454,0.203883813,161.3572986,229.9360666,8.73E-03,0.026847564,2010,0.991431747,6.29E-05,0.887356823,501,1,0.0895386,-0.0787803,-0.0780293,0.534342,0.0149494,480.758,1648,,712,2000,1288,,0.975,0.85,0.95,0.953846154,982.4013043,1132.153478,1057.277391,0.97916667,2229.276596,581.84575,1057.277391,-0.209668231,0.832665208
2255,2.60E-08,0.674138789,655.3205788,0.000973257,663.1231324,0.000844159,0.000908708,659.2218556,2020,0.9926912,0.000962952,0.989503893,501,,1,107.0155,88.4171,7.2,1,466.1893869,0.235866398,131.2700733,372.6213824,1.49E-02,0.082018481,2020,0.976567429,0.000188736,0.944379062,501,1,458.285916,0.157620677,133.7154342,270.2942126,7.84E-09,0.022878117,2020,0.967115001,0.000155277,0.967327453,501,1,0.235866,0.125281,0.126131,2.14942,0.128272,466.189,580,,528,2000,1472,,0.9375,0.7,0.89,0.884615385,1198.551304,1253.4225,1225.377222,0.97916667,2457.010638,529.201,1225.986902,-3.130006488,0.049624092
2260,3.97E-08,0.93983868,696.352098,0.001172621,687.7521758,0.0011351,0.001153861,692.0521369,2010,0.998688082,0.000316512,0.959897832,501,,1,101.1291,107.0155,12,2,591.3167756,0.211389187,229.8901729,101.4192059,3.91E-09,0.061406369,2020,0.962026465,0.000210531,0.965635182,501,1,394.151815,0.241039273,120.9351816,247.1024774,6.62E-09,0.012994753,2010,0.99240563,8.95E-05,0.935667897,501,1,0.211389,0.0290787,0.0640597,1.43481,0.0677504,591.317,616,,584,1068,484,,1,0.9,0.98,0.984615385,948.3869388,1047.976809,997.1444792,0.98958333,1727.189474,538.2485,998.1818736,-1.313584359,0.31392376
2269,1.77E-06,0.90565288,625.674101,0.000944437,751.6101257,0.001304831,0.001124634,688.6421133,2010,0.998148007,0.000325886,0.957133752,501,,1,90.80781,98.11508,11.7,2,684.2848647,0.242786893,251.218576,298.2393597,7.12E-09,0.031554173,2010,0.986375487,1.72E-04,0.927021774,501,1,376.2764472,0.195678128,96.98667304,317.6036871,0.019673313,0.025460761,2010,0.988014536,8.29E-05,0.931990819,501,1,0.242787,0.0426353,0.134886,2.2501,0.156843,684.285,812,,232,1352,1120,,1,0.75,0.95,0.961538462,745.6914583,737.3789583,741.5352083,1,1718.3125,483.371875,741.5352083,-0.995924819,-0.862795846
2281,3.17E-07,0.873698853,499.3761047,0.001853149,614.7459446,0.001348411,0.00160078,557.0610246,2010,0.997820545,0.000510492,0.978626201,501,,1,89.88265,78.92393,11.2,2,271.9779411,0.208925323,49.49565966,616.4729039,4.85E-02,0.002938217,2010,0.982111424,0.000173791,0.936482246,501,1,318.6775321,0.172323379,69.22137805,175.3181488,1.80E-04,0.012554775,2020,0.983218991,7.57E-05,0.937300162,501,1,0.208925,0.126746,0.13547,2.84424,0.144271,271.978,252,,460,644,184,,0.9875,0.75,0.94,0.946153846,815.04875,861.5893333,837.5683871,1,1670.208333,465.612,838.3190417,0.244793256,0.161671499
2283,2.66E-08,0.745773057,553.0418413,0.001213815,694.5452411,0.001208857,0.001211336,623.7935412,2020,0.996255766,0.000542047,0.968723793,501,,1,83.10413,83.10413,11.1,2,485.3816765,0.175993881,142.3292939,205.7799822,6.27E-09,0.042400426,2020,0.972788675,0.000126135,0.941650833,501,1,360.7546109,0.202750295,103.8616534,214.215525,4.17E-09,0.023310344,2010,0.98250132,0.000122433,0.954618634,501,1,0.175994,-0.00044578,0.0155911,1.0972,0.0276065,485.382,2000,,632,1384,752,,1,0.75,0.95,0.961538462,492.1816667,555.7206122,524.2786598,1,1481.736111,376.027,523.9511395,-1.748410334,-0.899052541
2295,1.66E-08,0.864116773,643.9926519,0.001374203,638.1154262,0.001334908,0.001354555,641.054039,2020,0.996806358,0.000726804,0.978895138,501,,1,124.6728,111.0827,12.9,2,274.2978034,0.169133871,44.52554754,999.9999517,1.68E-02,0.015978308,2010,0.916351555,0.000421202,0.971143925,501,1,430.6146434,0.158176095,108.9938595,202.0002451,6.00E-03,0.01096865,2010,0.993314391,2.94E-05,0.830198487,501,1,0.169134,0.060957,0.114034,3.06958,0.117659,274.298,268,,644,1000,356,,1,0.8,0.96,0.969230769,591.9331915,660.8345455,625.2481319,1,1494.013699,384.8555,626.3838685,-0.741504304,-0.258740944
2304,1.24E-07,0.656919809,511.8420357,0.00146742,537.4375494,0.001228435,0.001347927,524.6397926,2020,0.992801226,0.000869531,0.984498349,501,,1,65.10478,78.92393,11.8,2,507.9740355,0.209655893,163.0715683,368.7519982,1.14E-03,0.018283914,2020,0.959202844,0.000411255,0.97305468,501,1,355.7150968,0.121467288,99.62857493,143.4039449,0.000462961,0.049536034,2011,0.960026803,5.41E-05,0.916263979,501,1,0.209656,0.11211,0.135012,2.80875,0.16163,507.974,632,,456,692,236,,0.975,0.65,0.91,0.915384615,721.9189796,1175.463556,939.041383,1,2061.8125,392.931375,948.6912676,-2.783260406,2.876060465
2305,3.08E-08,0.842682034,624.8396152,0.001210611,750.3163973,0.001004827,0.001107719,687.5780062,2010,0.997863959,0.000415301,0.957069553,501,,1,95.81021,95.0222,11.28,2,458.3955363,0.174340783,150.8085846,229.5364804,3.11E-07,0.058280467,2020,0.95948171,0.000170906,0.959270752,501,1,386.9958842,0.140167049,94.34463074,299.7240048,0.008192144,0.035341933,2020,0.969075382,9.16E-05,0.931984696,501,1,0.174341,0.0643599,0.0646804,1.58982,0.0647122,458.396,468,,544,1288,744,,1,0.85,0.97,0.976923077,712.2208163,695.0984,703.5731313,0.96875,1554.397849,498.59825,703.6596082,0.152376764,-0.618654404
2308,4.89E-09,0.790176091,645.5486546,0.001171313,726.2331277,0.001040109,0.001105711,685.8908912,2010,0.995124024,0.000917423,0.986719252,501,,1,102.6456,86.26952,7.2,1,415.5233355,0.13650969,96.65236164,700.0908786,1.23E-07,0.022743286,2020,0.935602202,0.000261529,0.954619191,501,1,330.5992927,0.235402708,50.61709296,239.3310826,1.35E-02,0.038647459,2010,0.990353463,7.65E-05,0.920158339,501,1,0.13651,-0.018404,-0.010992,0.925479,0.0340003,415.523,1196,,660,1236,576,,0.9875,0.95,0.98,0.984615385,918.8559184,962.4206522,939.9504211,1,2177.6875,559.0535,940.6382853,1.288372543,0.470743018
2309,2.36E-08,0.891013871,516.9260803,0.001443556,642.4777853,0.001740776,0.001592166,579.7019328,2010,0.997818368,0.00045589,0.969650064,501,,1,98.11508,89.40546,7.2,1,673.4470854,0.148598781,232.7863748,411.6835036,5.04E-07,0.043915919,2010,0.958412548,0.000170348,0.946830156,501,1,255.2275519,0.241304479,72.96976015,265.9709869,6.53E-09,0.013412922,2020,0.994320106,6.35E-05,0.923722457,501,1,0.148599,-0.0414509,0.0647124,1.77143,0.104272,673.447,924,,244,1084,840,,1,1,1,1,576.7558,641.1548,608.9553,1,1665.71875,585.630625,608.9553,1.994690273,0.787082945
2310,1.66E-08,0.819404939,679.2368629,0.001042825,705.436336,0.000947966,0.000995395,692.3365995,2010,0.996206175,0.000792492,0.984078685,501,,1,114.9169,106.5987,12.8,2,279.4991559,0.183649878,77.30359252,430.683964,1.96E-03,0.021243474,2010,0.971353674,0.000202549,0.952357987,501,1,369.7827157,0.171616497,71.80887698,343.2262891,9.46E-03,0.017551219,2010,0.990852137,5.24E-05,0.906319236,501,1,0.18365,0.0389995,0.147788,5.12102,0.153036,279.499,264,,564,1788,1224,,0.9875,0.65,0.92,0.923076923,814.1743478,949.9935135,874.720241,1,2335.40625,462.621,882.0839307,-2.068873537,-0.257860714
2311,1.45E-07,0.942726721,696.3170038,0.001002894,706.7973788,0.001218274,0.001110584,701.5571913,2020,0.996035576,0.000857238,0.984788155,501,,1,111.5829,103.4132,12,2,611.7692783,0.173387372,195.9052463,155.8616681,2.17E-05,0.055745118,2010,0.964493278,0.000142764,0.935786037,501,1,385.285023,0.213289663,131.6092328,320.2193442,8.01E-09,0.019078697,2020,0.991211392,8.30E-05,0.928878954,501,1,0.173387,0.0100642,0.0350912,1.25374,0.0468676,611.769,2000,,624,892,268,,1,0.95,0.99,0.992307692,859.091,1013.4348,936.2629,0.98958333,2522.694737,537.11825,936.2629,0.282295734,1.468939874
2312,1.10E-08,0.746098744,432.3582464,0.001502134,581.6998555,0.001720424,0.001611279,507.029051,2010,0.99504951,0.000643982,0.977356938,501,,1,95.41779,112.0963,11.6,2,284.4940773,0.258402329,74.35375876,499.4657214,6.75E-08,0.02302563,2020,0.977142442,0.000344597,0.962052093,501,1,262.8408094,0.175758052,73.29146345,213.9809003,1.29E-07,0.05383171,2020,0.963129096,0.000128623,0.949772783,501,1,0.258402,0.0732856,0.0739813,1.40115,0.13556,284.494,692,,232,1048,816,,1,1,1,1,616.6896,750.864898,683.099596,1,1514,458.834375,683.777249,1.189718161,1.221358275
2313,1.84E-08,0.906633618,633.9346009,0.001241764,756.9077738,0.001484174,0.001362969,695.4211873,2010,0.997102094,0.000730973,0.983420541,501,,1,85.68752,88.4171,12.9,2,289.168293,0.193444741,60.72859323,371.4500613,8.49E-03,0.054961712,2010,0.931130643,4.11E-04,0.976064944,501,1,442.0730795,0.160906515,110.4012242,205.7254085,1.32E-03,0.020833082,2020,0.991034754,3.77E-05,0.885966964,501,1,0.193445,0.0147802,0.123127,2.75102,0.130406,289.168,276,,620,892,272,,0.975,0.9,0.96,0.961538462,849.3008163,1069.938333,958.482268,1,1671.052083,681.66825,959.6195748,0.310792263,1.454556321
2314,2.61E-08,0.887574092,595.2758279,0.001101018,726.9765899,0.001011836,0.001056427,661.1262089,2020,0.998544586,0.000303406,0.951501236,501,,1,114.3125,83.10413,7.4,1,700.4854201,0.188314765,205.3037606,209.2404406,4.87E-09,0.013354838,2010,0.992314446,5.82E-05,0.905042707,501,1,293.3087681,0.215692152,74.8440069,310.5793921,1.49E-08,0.027759435,2010,0.985958249,0.000119645,0.951660081,501,1,0.188315,0.0465347,0.105299,2.26843,0.109403,700.485,744,,748,972,224,,0.975,0.75,0.93,0.946153846,612.7440816,629.2265116,620.4478261,1,1873.65625,489.744,620.9852966,-1.071287921,-0.153033283
2315,1.00E-08,0.760869949,441.0769455,0.001346929,574.6624421,0.001794146,0.001570537,507.8696938,2010,0.995808649,0.000587151,0.980891428,501,,1,95.0222,73.73971,8,1,285.2425202,0.20700097,73.61066625,535.3873037,6.00E-03,0.006058094,2020,0.986134871,0.000142482,0.936239133,501,1,230.7091203,0.123994602,61.51495488,421.8080218,5.69E-04,0.015707328,2020,0.959254355,1.29E-04,0.965045514,501,1,0.207001,0.0773668,0.0792919,1.62088,0.11681,285.243,636,,356,1636,1280,,0.9875,0.8,0.95,0.961538462,1170.694565,866.0923913,1018.393478,1,1711.760417,470.28275,1018.393478,-0.27714183,-3.260322257
2316,3.14E-07,0.945789916,648.2645898,0.001398359,684.7980482,0.001181994,0.001290177,666.531319,2010,0.996392587,0.000968283,0.983957764,501,,1,91.25738,78.92393,7.1,1,335.0063835,0.182950716,112.1883736,151.067038,3.36E-08,0.058551414,2010,0.946033856,0.000190719,0.957144858,501,1,407.99518,0.214576655,91.73445582,209.8845368,2.43E-03,0.010885172,2020,0.994043582,4.93E-05,0.908468505,501,1,0.182951,0.0153865,0.0770525,1.72761,0.109595,335.006,276,,612,900,288,,0.975,0.7,0.92,0.923076923,1136.401667,1271.886571,1193.533855,0.97916667,2533.287234,513.723,1204.144119,-1.510675275,0.430299239
2318,2.11E-07,0.922662967,620.6802396,0.001456777,703.5893946,0.001463502,0.001460139,662.1348171,2010,0.998561285,0.000337881,0.959516499,501,,1,93.81305,101.8849,7.1,1,681.9472789,0.251294053,257.2662218,210.3164066,1.03E-08,0.019045228,2020,0.977703377,0.000317779,0.958868967,501,1,438.6015008,0.228472314,121.4981946,186.4354178,3.51E-02,0.023256184,2010,0.988083985,1.01E-04,0.943407676,501,1,0.251294,0.0395404,0.131483,2.09742,0.145512,681.947,752,,608,868,260,,0.975,0.9,0.96,0.969230769,1104.9028,988.1795918,1047.130707,1,1855.5,571.672875,1046.541196,0.917832986,-1.417009269
2319,1.08E-09,0.819926467,638.6636785,0.00101858,708.80003,0.001190645,0.001104613,673.7318542,2020,0.993939265,0.001086713,0.983925243,501,,1,105.7798,101.5065,12,2,419.8652142,0.215791169,122.5082435,373.2862072,2.13E-02,0.012116751,2020,0.987194217,0.000131729,0.9143016,501,1,345.0351959,0.237939207,99.23457224,292.4871077,6.81E-08,0.037928892,2010,0.991568474,8.25E-05,0.912047803,501,1,0.215791,0.0592549,0.0608688,1.3929,0.064894,419.865,552,,772,1168,396,,NA,NA,NA,NA,NA,NA,NA,1,3823.708333,NA,NA,,
2320,1.27E-08,0.532627021,636.7687258,0.0007521,685.8297089,0.000893703,0.000822902,661.2992173,2010,0.997644842,0.00020443,0.966080001,501,,1,113.7305,106.5987,8.6,1,508.6721083,0.186395603,204.592471,725.3472393,4.14E-09,0.018203723,2010,0.951690211,3.19E-04,0.968495169,501,1,513.4258927,0.093076918,166.0077115,160.3878338,1.39E-03,0.028092636,2020,0.97655831,2.47E-05,0.891499193,501,1,0.186396,0.0470454,0.0545055,1.41327,0.12526,508.672,968,,252,900,648,,1,0.95,0.99,0.984615385,790.54875,852.44,821.1686316,1,2602.4375,547.884375,821.494375,1.0694857,0.615822274
2321,9.02E-08,0.917570043,535.3805227,0.002223547,560.1524663,0.002003474,0.002113511,547.7664945,2010,0.997763644,0.000642604,0.979850487,501,,1,104.9778,92.56225,12.6,2,405.4962549,0.172498541,111.5025752,366.2728677,9.37E-09,0.032149795,2010,0.988061704,6.67E-05,0.916699801,501,1,363.2484615,0.163726776,104.1457885,361.7796149,1.16E-02,0.014242242,2010,0.989872339,5.59E-05,0.914639103,501,1,0.172499,0.00877177,0.00991105,1.06096,0.0246628,405.496,868,,396,700,304,,1,0.9,0.98,0.984615385,785.5902083,768.3923077,777.8808046,1,1676.145833,577.55175,776.991258,0.841825078,-0.522380628
2327,5.35E-08,0.949061283,686.473058,0.001207929,748.4303972,0.001156747,0.001182338,717.4517276,2020,0.997677066,0.000640069,0.981472451,501,,1,95.41779,94.62312,11.1,2,590.5681803,0.15853094,241.985697,401.6642269,4.49E-03,0.004447782,2010,0.981326936,0.000113436,0.931192512,501,1,373.6626744,0.218570124,97.27185638,299.580556,0.01101127,0.011303206,2020,0.994062447,5.86E-05,0.903371978,501,1,0.158531,0.00881764,0.0535501,1.51009,0.0776566,590.568,792,,812,1144,332,,1,0.75,0.95,0.953846154,854.5228889,1321.353529,1055.437342,0.98958333,1609,567.804375,1087.938209,-1.318091108,2.725302099
2329,4.30E-08,0.861118286,533.5321327,0.001515373,636.3407208,0.001307032,0.001411203,584.9364268,2010,0.99809699,0.000399037,0.952270286,501,,1,92.134,90.80781,8.5,1,308.3074987,0.182338032,63.63725145,353.2673837,5.89E-08,0.031393782,2020,0.983918169,9.70E-05,0.915042888,501,1,270.390323,0.162511933,46.68900131,261.3645381,0.005389352,0.021776084,2010,0.976715478,9.85E-05,0.962061919,501,1,0.182338,0.0536909,0.102994,2.29808,0.10622,308.307,296,,476,1084,608,,0.9875,0.95,0.98,0.984615385,537.9374,621.2028,579.5701,1,1427.5625,526.033125,579.5701,0.889221851,-0.075089516
2330,2.17E-08,0.814662757,640.80387,0.001168977,782.046704,0.000860776,0.001014876,711.425287,2020,0.994959167,0.000917078,0.982888746,501,,1,100.376,95.0222,7.6,1,764.7375822,0.203347559,346.786065,128.9287218,6.82E-10,0.068249706,2020,0.940282584,0.000353207,0.962589798,501,1,445.1600497,0.215208924,104.7510139,230.1027478,6.28E-08,0.031841399,2010,0.99290076,5.44E-05,0.900168479,501,1,0.203348,0.0524614,0.10596,2.08802,0.108283,764.738,788,,664,912,248,,0.9875,0.9,0.97,0.976923077,940.7682,857.2963265,899.4538384,0.96875,3368.311828,595.20025,899.0322633,0.740197841,-1.266975887
2331,3.99E-08,0.880619378,630.5595961,0.001336213,682.0369303,0.00118276,0.001259486,656.2982632,2020,0.998484869,0.000339194,0.956736715,501,,1,88.4171,85.08313,12.4,2,497.6992834,0.234081131,165.5069285,339.2397041,8.77E-09,0.04937942,2020,0.978839092,0.000214033,0.935350219,501,1,359.818096,0.212688232,100.4168218,221.6634512,0.016460884,0.023973161,2020,0.990786135,6.82E-05,0.902322648,501,1,0.234081,0.0573259,0.0979677,1.71975,0.145952,497.699,692,,532,1044,512,,1,0.65,0.93,0.930769231,860.0793878,943.7497917,901.483299,0.98958333,2041.252632,478.583625,901.9145897,-1.535999485,0.297535684
2332,1.74E-08,0.825417769,607.558969,0.001014342,629.6740097,0.000924391,0.000969366,618.6164893,2010,0.996745806,0.00053149,0.975968279,501,,1,85.08313,95.0222,8.5,1,367.6318241,0.223482407,87.73728189,339.0959863,1.01E-02,0.061248393,2010,0.972926985,0.000206151,0.951408418,501,1,312.9074675,0.162598866,78.09091873,374.6085887,0.019135855,0.029136329,2020,0.984563918,6.92E-05,0.910251247,501,1,0.223482,0.126517,0.126747,2.31024,0.126764,367.632,372,,300,2000,1700,,0.95,0.7,0.9,0.907692308,1457.942449,1671.743404,1562.615833,1,2167.302083,597.608375,1564.842927,-2.688645097,0.763682948
2333,1.56E-07,0.780658867,567.1089819,0.001732301,693.0091542,0.000800948,0.001266625,630.0590681,2020,0.997720033,0.000413601,0.971643315,501,,1,96.58682,107.0155,12,2,370.4943621,0.166849356,68.50607753,338.0843912,9.14E-03,0.029670801,2010,0.978133617,0.000106124,0.942892371,501,1,441.4948642,0.179582684,115.9153502,141.0282362,6.65E-08,0.029738432,2010,0.980028047,8.61E-05,0.946944291,501,1,0.166849,-0.00457379,-0.0011901,0.992918,0.0230886,370.494,2000,,656,840,184,,1,0.9,0.98,0.984615385,719.1,811.2444898,765.6472165,1,2311.083333,477.724625,765.1722449,1.314974142,1.004790685
2334,1.05E-07,0.896823566,562.8693928,0.001512034,710.3204665,0.001097867,0.00130495,636.5949296,2010,0.996824484,0.000707956,0.976801681,501,,1,103.4132,105.3769,11.5,2,294.1199,0.211401752,42.01235502,428.314734,1.26E-06,0.046299799,2020,0.950144577,0.000426707,0.971249865,501,1,293.2055446,0.203443721,44.26217599,285.6695783,0.006453,0.010343477,2010,0.986351709,0.000108099,0.943035526,501,1,0.211402,-0.0148418,-0.0117067,0.947529,0.0536239,294.12,868,,664,1012,348,,0.9875,0.9,0.97,0.976923077,965.3695833,997.5802273,980.7746739,0.98958333,1801.526316,506.302,981.4749053,0.240901309,-0.628937563
2336,6.28E-03,0.817314959,498.6879895,0.00141947,618.6447645,0.001341745,0.001380608,558.666377,2010,0.995279637,0.000745957,0.969694931,501,,1,97.35439,96.9716,7.7,1,406.3713844,0.217750456,205.1670968,307.6727247,4.83E-09,0.069474808,2010,0.949378488,0.000317185,0.935285875,501,1,326.5684989,0.263188247,112.4956511,176.2959536,0.034415252,0.042886794,2020,0.984838745,0.000143065,0.937129118,501,1,0.21775,0.0307377,0.0462768,1.26988,0.142167,406.371,664,,496,2000,1504,,0.975,0.95,0.97,0.976923077,571.1064,675.0136,623.06,1,1709.625,434.832125,623.06,0.84865625,0.266893418
2337,3.03E-02,0.833359586,456.2326941,0.00169477,531.9232073,0.001657598,0.001676184,494.0779507,2020,0.995327832,0.000722917,0.981297052,501,,1,91.25738,86.83156,13,2,368.6640568,0.197920607,125.2270537,295.286172,3.20E-02,0.035694098,2020,0.983076454,1.07E-04,0.912879141,501,1,312.6514255,0.1728988,87.81140858,163.2493516,0.006294255,0.021566732,2020,0.984656712,6.27E-05,0.932189097,501,1,0.197921,0.00567789,0.00969012,1.05148,0.0313802,368.664,0,,372,896,524,,1,0.85,0.97,0.976923077,747.4828261,801.2446809,774.6527957,1,1387.302083,558.606,774.3637535,-0.078309131,-0.876852886
2338,2.66E-02,0.880549273,680.0029797,0.00125387,633.8008705,0.000980538,0.001117204,656.9019251,2020,0.996514316,0.000723467,0.97722132,501,,1,114.9169,103.8002,11.2,2,577.4630582,0.218373952,280.2118544,226.9491374,2.79E-09,0.073676198,2020,0.935217328,0.000441016,0.969122979,501,1,354.3264133,0.263303712,133.8894708,287.2416365,8.48E-06,0.009415494,2010,0.994389929,8.63E-05,0.924624821,501,1,0.218374,0.0516326,0.141723,2.84895,0.154218,577.463,656,,664,1764,1100,,1,0.6,0.92,0.938461538,1017.174468,1047.780488,1031.434091,0.98958333,2147.505263,466.75975,1032.477478,-3.585880874,-0.74289806
2339,3.92E-08,0.789009779,402.2502765,0.00151285,498.1392766,0.001269688,0.001391269,450.1947766,2010,0.989547147,0.001384173,0.98550287,501,,1,90.80781,85.68752,12.2,2,284.9060028,0.210954323,112.3421953,171.1746858,2.70E-08,0.082131931,2010,0.921656006,0.00032383,0.9633709,501,1,173.6433829,0.161236871,54.26666731,282.041245,1.23E-08,0.029296219,2020,0.954058494,0.000185861,0.959904132,501,1,0.210954,0.0866414,0.166876,4.78594,0.173321,284.906,260,,304,2000,1696,,1,0.85,0.97,0.976923077,589.2524,624.0991489,606.1369072,1,1736.552083,443.4585,606.6757745,0.31543476,-0.49531601
2342,1.88E-06,0.872066687,513.5130605,0.001834504,623.4747469,0.001419594,0.001627049,568.4939037,2020,0.996807629,0.000654657,0.981937169,501,,1,115.5465,84.4535,12.1,2,679.3165211,0.150980115,287.1540812,156.4983054,5.54E-09,0.031891601,2020,0.970847645,1.13E-04,0.938311982,501,1,398.6757715,0.112415965,86.5444074,153.6845395,0.011275773,0.022314757,2010,0.969511824,4.50E-05,0.920822587,501,1,0.15098,0.0537867,0.0656026,1.76838,0.0666253,679.317,700,,576,860,284,,0.9375,0.9,0.93,0.930769231,650.2294,729.9064583,689.254898,1,1398.78125,456.2945,690.0679292,1.157933043,0.549170916
2343,3.49E-08,0.879524314,677.5828983,0.001180818,694.3051154,0.001084075,0.001132446,685.9440069,2010,0.998068473,0.000419834,0.966160328,501,,1,109,102,11.4,2,515.1765899,0.219100609,154.7577338,305.6952286,3.23E-03,0.058593531,2020,0.963109944,0.000293717,0.963692281,501,1,431.3833651,0.175154095,123.2783937,276.1571945,0.017630233,0.024556476,2010,0.976295123,0.000128843,0.954437127,501,1,0.219101,0.0508084,0.0803011,1.57854,0.110719,515.177,732,,500,1372,872,,1,0.9,0.98,0.984615385,834.8958,1178.2336,1006.5647,1,1852.28125,580.837,1006.5647,0.556429183,2.347257968
2344,8.04E-08,0.89543086,509.1448474,0.001338928,569.41999,0.001253084,0.001296006,539.2824187,2010,0.995434798,0.000900591,0.982537538,501,,1,112.0963,92.134,11.6,2,337.5471752,0.199013742,81.83967911,377.5851243,1.48E-03,0.011633145,2010,0.990223555,8.57E-05,0.893502489,501,1,315.1550437,0.174188724,60.08918986,251.0107802,0.004887754,0.017697146,2020,0.990257633,4.96E-05,0.899737498,501,1,0.199014,0.128204,0.193884,38.7926,0.194051,337.547,336,,568,856,288,,0.9875,0.95,0.98,0.984615385,909.8418,782.8595833,847.6464286,1,1441.791667,552.181375,846.3506917,1.816762306,-1.034362989
2346,1.70E-08,0.950360196,708.6085815,0.002019942,784.2940843,0.00181062,0.001915281,746.4513329,2020,0.997747579,0.000787913,0.980453641,501,,1,95.41779,98.87095,11.1,2,775.5489773,0.137250018,161.9252185,190.7860866,1.55E-07,0.015579976,2010,0.983811176,5.94E-05,0.903212176,501,1,601.5049132,0.056126837,131.3028523,275.7433824,0.002190461,0.007409155,2020,0.967826996,1.98E-05,0.91345145,501,1,0.13725,-0.00564276,0.0219796,1.19068,0.0262341,775.549,828,,704,904,200,,0.9875,0.95,0.98,0.984615385,739.5608,833.0263265,785.8215152,1,1665.635417,616.3665,786.2935633,1.400263045,0.523912698
2347,1.08E-08,0.770889607,605.6616674,0.001154812,776.0391342,0.000998319,0.001076566,690.8504008,2010,0.994488199,0.000987132,0.98479292,501,,1,106.5987,92.56225,11.3,2,652.4345434,0.145322716,245.9474515,86.07665166,4.00E-08,0.049603403,2010,0.969780179,7.43E-05,0.9133951,501,1,431.3002216,0.113035032,109.1223017,555.9552346,0.00113739,0.028407232,2020,0.976878805,5.49E-05,0.896124281,501,1,0.145323,-0.00356786,0.0419354,1.40561,0.0445733,652.435,672,,556,676,120,,1,0.9,0.98,0.984615385,862.678913,856.1037778,859.4274725,1,1862.65625,516.61675,859.3913454,0.202913768,-1.224374337
2348,6.47E-08,0.847397259,592.5677317,0.001285175,602.2619127,0.00130955,0.001297362,597.4148222,2010,0.994666305,0.001133014,0.984517692,501,,1,77.86314,82.3752,12.7,2,320.6240838,0.251233532,49.75346809,413.1915338,2.19E-02,0.033323893,2010,0.976077531,0.000292574,0.948100278,501,1,365.4359711,0.186583764,95.26073122,220.7638079,0.006650743,0.032338249,2010,0.986664914,6.83E-05,0.905444047,501,1,0.251234,0.0810893,0.0940064,1.5979,0.0971645,320.624,316,,320,756,436,,1,0.9,0.98,0.969230769,691.8888,753.3512245,722.309596,1,2065.895833,508.41125,722.6200122,1.28917827,0.680855836
2349,0.044603847,0.891629936,550.5525083,0.001612749,640.227302,0.001397517,0.001505133,595.3899051,2020,0.991330074,0.001708809,0.991423449,501,,1,107.866,100.376,12.7,2,437.181692,0.194952728,175.7215787,265.4574231,1.13E-07,0.026303012,2020,0.955816338,0.000332551,0.967460079,501,1,385.062524,0.222093023,122.1689852,186.7662667,0.008226454,0.020462034,2010,0.993646043,5.20E-05,0.899604853,501,1,0.194953,0.0800175,0.0975193,2.00088,0.103584,437.182,516,,580,724,144,,1,0.95,0.99,0.992307692,927.9135417,1076.714043,1001.530632,1,1624.96875,591.21625,1002.313792,0.983359106,0.835674094
2350,8.19E-03,0.748786055,454.0232153,0.001411369,590.2900257,0.001033959,0.001222664,522.1566205,2010,0.996962813,0.000379407,0.963796734,501,,1,111.0827,84.4535,12.5,2,406.2246468,0.165607091,186.9466101,192.6912024,1.41E-09,0.053034018,2010,0.918630553,0.000280298,0.974958634,501,1,259.4077894,0.171480093,101.8391615,168.2553766,1.15E-08,0.018213,2010,0.985044402,6.56E-05,0.938337237,501,1,0.165607,0.0218405,0.0396662,1.31496,0.0456019,406.225,480,,384,2000,1616,,1,0.9,0.98,0.984615385,595.2436,719.5770833,656.1416327,1,1428.270833,395.853875,657.4103417,1.459473601,1.459465074
2351,1.24E-08,0.779857237,464.4442791,0.001167868,452.0152845,0.001074657,0.001121262,458.2297818,2020,0.996966017,0.000421155,0.971402212,501,,1,124.6728,73.73971,13,2,236.4442126,0.230001985,96.81409328,352.9502962,6.42E-09,0.037554496,2020,0.973789377,2.50E-04,0.960713471,501,1,192.0856319,0.157762955,71.57203443,246.7439374,2.17E-07,0.010625763,2020,0.986246048,6.18E-05,0.942321254,501,1,0.230002,0.10104,0.158746,3.22784,0.16615,236.444,212,,364,672,308,,0.9875,0.25,0.84,0.876923077,602.2040816,616.4085714,608.76,1,1716.9375,400.521625,609.3063265,-3.568976812,-0.64050166
2352,0.005535035,0.830129318,483.3934745,0.001685733,561.5195165,0.00104417,0.001364951,522.4564955,2020,0.992216672,0.001330562,0.989852292,501,,1,87.90368,83.10413,12,2,400.6808719,0.282478178,128.7231644,181.5285499,4.99E-08,0.075921814,2010,0.986458388,0.000132918,0.920956817,501,1,315.029571,0.154346879,81.08507751,202.412311,5.11E-08,0.034471626,2010,0.970854629,9.23E-05,0.953419114,501,1,0.282478,0.143557,0.159486,2.29673,0.163898,400.681,440,,276,688,412,,0.9875,0.95,0.98,0.984615385,743.44,674.9663043,710.6296875,1,1257.958333,463.868125,709.2031522,1.047705773,-1.036040151
2354,7.89E-08,0.803224518,398.1161051,0.001761122,506.8112746,0.001342489,0.001551805,452.4636898,2020,0.995841235,0.000571494,0.9751691,501,,1,89,84,16.3,3,228.9318067,0.145839781,79.35431801,222.5023587,1.21E-07,0.049270594,2020,0.915160777,0.0002007,0.962584419,501,1,291.552429,0.15898415,114.0840354,150.1120586,6.95E-09,0.014509869,2011,0.989827918,3.84E-05,0.898657598,501,1,0.14584,0.000199685,0.0690084,1.89818,0.0852205,228.932,196,,484,1916,1432,,1,0.75,0.95,0.953846154,662.2775556,569.3793182,616.3503371,0.98958333,1463.831579,421.880875,615.8284369,-0.523212224,-1.585449841
2355,3.27E-08,0.892041966,424.6575294,0.002677979,501.0192052,0.001817943,0.002247961,462.8383673,2020,0.999381087,0.000165608,0.999488783,501,,3,124,118,18,3,404.0655128,0.162013234,155.0520857,191.5027828,7.59E-09,0.032895086,2020,0.977745165,8.51E-05,0.912482352,501,1,407.0736645,0.120326658,232.1223405,201.6771575,0.035310941,0.053057735,2020,0.190117993,0.00166436,0.997182131,501,1,0.162013,0.0548961,0.0567952,1.53979,0.0570709,404.066,416,,388,660,272,,1,1,1,1,584.7157143,602.2277551,593.4717347,1,1258.614583,524.495125,593.4717347,1.360203746,-0.470482058
2356,0.007326775,0.920616542,659.1645926,0.001728683,728.4243026,0.001188884,0.001458784,693.7944476,2020,0.996955082,0.000794793,0.983436483,501,,1,97.35439,92.56225,16.4,3,551.6002014,0.135865797,229.4439828,299.7929702,1.81E-08,0.00450101,2020,0.974259328,0.000118724,0.948176852,501,1,392.213799,0.174358266,111.5060897,249.9848562,0.004894976,0.01732839,2010,0.985616965,8.02E-05,0.941081514,501,1,0.135866,0.0274533,0.0363231,1.3649,0.0522951,551.6,712,,588,1020,432,,1,0.95,0.99,0.992307692,761.9556,873.0958696,815.2103125,0.98958333,1733.294737,480.05275,817.5257348,0.917889023,0.405008365
2380,0.013740787,0.661937396,616.1584703,0.001931447,624.0602085,0.00168948,0.001810463,620.1093394,2020,0.99367008,0.000920879,0.986584237,501,,1,116.2048,76.6784,17.4,3,506.2570572,0.211260492,134.9441834,102.1710186,3.18E-08,0.076548543,2010,0.945693284,0.000267377,0.974945206,501,1,408.6826521,0.105939562,100.4688923,176.5627935,0.003909364,0.042652318,2011,0.901069462,0.000128868,0.973303909,501,1,0.21126,0.0524927,0.0561622,1.36211,0.0601039,506.257,2000,,396,600,204,,1,0.85,0.97,0.976923077,565.61,595.695625,580.3458163,1,1638.03125,369.70525,580.6528125,0.630066799,-0.414706795
2382,1.29E-08,0.929999955,610.5121745,0.001833192,617.4527411,0.001621293,0.001727243,613.9824578,2020,0.998234222,0.00047173,0.997381213,501,,3,104.5822,96.9716,16.8,3,624.0485644,0.174005498,215.9617759,151.4597743,2.56E-09,0.05980972,2010,0.957914621,0.000178965,0.957607997,501,1,528.1919333,0.194309019,142.6304432,122.5862,2.59E-08,0.035362744,2010,0.966688723,0.00017291,0.97591959,501,1,0.174005,0.135763,0.157923,10.8196,0.157923,624.049,624,,652,908,256,,1,0.95,0.99,0.992307692,509.6432,553.5389796,531.3693939,1,1473.197917,453.905375,531.5910898,0.761621282,0.320278905
2383,3.44E-02,0.907412359,374.47839,0.003081387,415.2054896,0.002163886,0.002622636,394.8419398,2020,0.998609187,0.000318008,0.998526126,501,,3,121.0761,117.6248,18,3,405.0996133,0.145544852,189.9029968,80.85179623,7.08E-09,0.040806305,2010,0.916307164,0.000188153,0.973303551,501,1,1558.444348,0.060102483,143.488944,729.1779967,0.039244615,0.059085688,2011,0.457447606,0.00030768,0.98974896,501,1,0.145545,0.0771667,0.0799008,2.21718,0.0926539,405.1,276,,296,476,180,,1,1,1,1,597.9024,664.7170213,630.2764948,1,1181.0625,454.725625,631.3097106,1.77497342,0.595761293
2384,2.12E-08,0.842063975,472.3335541,0.002101102,545.4608746,0.002107397,0.002104249,508.8972144,2020,0.997121445,0.000602961,0.974413109,501,,1,119.2233,116.2048,16.8,3,369.2621482,0.087326287,84.13184704,903.7821905,1.26E-05,2.99E-06,2011,0.881178491,0.000217416,0.968679695,501,1,344.3832701,0.049465285,101.368728,147.3292956,0.010492353,0.025992005,2020,0.727284476,5.80E-05,0.964499998,501,1,0.0873263,-0.0833764,-0.0756999,0.535658,0.0207812,369.262,676,,340,1228,888,,1,0.95,0.99,0.976923077,473.0716,507.117234,489.5679381,1,1315.145833,358.32325,490.094417,1.583321218,0.124412537
2387,0.033203803,0.735144943,476.4017187,0.001523426,568.1709857,0.001634867,0.001579147,522.2863522,2010,0.993406634,0.000824285,0.971866815,501,,1,98.49349,92.56225,16.3,3,388.8078316,0.166408888,146.7092897,548.2186622,1.55E-07,0.085401364,2011,0.92465871,0.000268727,0.95941213,501,1,376.1174599,0.210702874,122.299037,138.4056171,6.76E-08,0.064910126,2020,0.955158374,0.000207967,0.970168267,501,1,0.166409,0.117007,0.141692,6.73247,0.142246,388.808,380,,628,1068,440,,1,0.95,0.99,0.992307692,563.2886,670.951087,614.876875,1,1286.395833,570.5435,617.1198435,1.26698878,0.893185409
2388,7.39E-08,0.908205886,543.4488475,0.00224019,637.44916,0.001659839,0.001950014,590.4490037,2020,0.997833203,0.000585415,0.978095555,501,,1,104.5822,102.6456,16.9,3,485.2730729,0.135466959,136.3974131,262.5420068,4.04E-08,0.043765844,2020,0.966942465,9.22E-05,0.932749918,501,1,426.0780528,0.100996343,140.7071296,166.8558804,1.61E-07,0.010465796,2020,0.970829805,5.11E-05,0.949726717,501,1,0.135467,-0.0256868,0.0392141,1.40741,0.0844257,485.273,680,,460,948,488,,1,0.8,0.96,0.961538462,546.9485714,554.0240816,550.4863265,0.98958333,1260.421053,356.917,550.4863265,0.105894864,-0.935498759
2389,0.021805752,0.840352846,469.4902917,0.002309681,552.3988168,0.001507567,0.001908624,510.9445543,2020,0.997531288,0.000451793,0.968243237,501,,1,90.80781,98.11508,17.4,3,268.56464,0.230373397,51.09231171,333.207113,7.00E-03,0.031823883,2020,0.980082887,0.00018991,0.946744393,501,1,337.1270132,0.224974791,96.25644589,115.1755247,1.32E-05,0.031636801,2020,0.978819629,0.000126105,0.964661907,501,1,0.230373,0.209497,0.220986,24.5394,0.221057,268.565,268,,476,972,496,,1,0.95,0.99,0.992307692,484.0267347,575.4817021,528.8015625,1,1354.895833,442.861875,529.7542184,0.795409836,0.09359771
2390,8.57E-08,0.926620989,607.0614636,0.002725157,622.5006736,0.002084125,0.002404641,614.7810686,2020,0.999322441,0.000215258,0.944870537,501,,1,99.2477,117.6248,16.4,3,580.9096626,0.120873397,72.61594279,146.9447133,0.004263512,0.018983431,2010,0.958922077,7.97E-05,0.945950063,501,1,459.9703174,0.029761739,142.0065969,16.01001696,1.55E-06,0.008920712,2020,0.878896469,9.18E-06,0.906105163,501,1,0.120873,-0.00897744,0.0742976,2.5952,0.0773741,580.91,612,,484,748,264,,1,0.95,0.99,0.992307692,583.1332653,645.0508163,614.0920408,1,1445.21875,475.638875,614.0920408,1.656698261,0.467513538
2392,2.33E-02,0.833098674,390.5457867,0.002464538,378.0736516,0.001548306,0.002006422,384.3097191,2020,0.996322853,0.000567766,0.974070891,501,,1,110.1173,103.8002,17.6,3,455.2046826,0.193172065,195.947456,48.32389783,3.83E-08,0.093428582,2020,0.81335218,0.00059102,0.985830654,501,1,227.7172834,0.176583723,88.02669607,140.0710745,1.25E-08,0.015092402,2020,0.986141224,5.92E-05,0.920692421,501,1,0.193172,0.026966,0.0572053,1.42073,0.0835109,455.205,2000,,352,2000,1648,,1,1,1,0.992307692,529.2476,641.4804545,581.7821277,1,1317.760417,479.47275,585.3640273,0.058413234,0.082227094
2393,2.23E-08,0.930323036,578.1175635,0.00135728,598.6330017,0.001434773,0.001396027,588.3752826,2020,0.998115389,0.000460257,0.966841511,501,,1,82.3752,97.35439,17.4,3,398.7824123,0.258272418,134.1828984,374.4765833,2.11E-06,0.021784068,2020,0.986734282,0.000192482,0.938863819,501,1,311.9184376,0.194305631,77.2020361,241.7675069,0.016818959,0.010702568,2010,0.99200074,5.51E-05,0.91680895,501,1,0.258272,0.157211,0.169707,2.91619,0.191786,398.782,556,,444,928,484,,1,0.85,0.97,0.976923077,566.6556,635.0182,600.8369,1,1437.479167,468.919625,600.8369,0.484173944,-0.184707595
2394,1.49E-08,0.902696037,537.3415677,0.001720127,586.0573803,0.002024181,0.001872154,561.699474,2020,0.999195499,0.000188872,0.931311029,501,,1,103.0284,111.0827,16.7,3,620.9171364,0.204816077,123.6147794,162.9985633,0.016154837,0.018343406,2010,0.980499316,0.000132831,0.95018518,501,1,431.4021153,0.12697896,147.4085797,135.0099291,9.89E-09,0.019590107,2021,0.97493268,5.83E-05,0.929648964,501,1,0.204816,0.0551153,0.139325,3.1274,0.14282,620.917,652,,540,780,240,,1,1,1,1,723.5074,821.2277083,771.3704082,1,1540.71875,442.545625,772.3675542,1.307455919,0.258825272
2395,1.59E-02,0.847500993,442.2710538,0.002058756,475.0417912,0.001490222,0.001774489,458.6564225,2010,0.997793127,0.000377001,0.962977643,501,,1,126.2603,109.6502,16.9,3,215.0607102,0.226059041,66.7748973,314.449247,5.85E-09,0.040356822,2020,0.978209843,1.83E-04,0.952164546,501,1,266.2348728,0.199959048,89.26101887,169.9455777,3.09E-08,0.034617472,2020,0.984608089,7.82E-05,0.931706743,501,1,0.226059,0.0750258,0.101838,1.81981,0.123651,215.061,184,,380,540,160,,0.9875,0.95,0.98,0.984615385,496.2318367,520.7266,508.6029293,1,1281.385417,402.82375,508.4792184,1.41746623,0.04994033
2396,3.06E-08,0.847897194,500.1290667,0.001541874,553.0436021,0.001157821,0.001349847,526.5863344,2020,0.996186541,0.00071689,0.969670595,501,,1,126.2603,103.4132,16.6,3,399.1459585,0.20497841,146.7380396,355.3220527,3.59E-09,0.046409102,2010,0.955555807,0.000332866,0.957074986,501,1,290.2182433,0.192106379,84.09974096,179.6327281,1.15E-08,0.037314175,2020,0.975559299,0.000114768,0.94172493,501,1,0.204978,0.0564558,0.0693604,1.51144,0.0805449,399.146,568,,500,872,372,,1,1,1,1,488.332,541.4686,514.9003,0.98958333,1697.694737,580.145375,514.9003,1.598291113,0.109150375
2397,1.00E-02,0.836654613,472.6547021,0.001630382,486.6591457,0.001321782,0.001476082,479.6569239,2020,0.994863402,0.000903237,0.978581505,501,,1,126.2603,130.8062,17.9,3,330.9480867,0.248078475,113.9461204,336.3409251,1.50E-08,0.082176028,2010,0.94999722,0.000430272,0.964314396,501,1,290.2815661,0.230694797,93.30883969,178.6010371,4.57E-08,0.024281505,2010,0.993100771,5.46E-05,0.896982249,501,1,0.248078,0.119452,0.120169,1.93949,0.148601,330.948,556,,460,2000,1540,,0.9875,0.9,0.97,0.976923077,518.4422,492.5564,505.4993,0.98958333,1474.578947,521.860875,505.4993,0.944924681,-0.686838051
2398,4.96E-08,0.839820102,421.9119961,0.002024546,496.901031,0.001760887,0.001892717,459.4065136,2010,0.995301432,0.00079547,0.979924794,501,,1,105.7798,83.10413,17,3,381.8559872,0.199238378,146.4297309,229.2970443,7.85E-09,0.038882585,2010,0.977213905,0.000140183,0.922634427,501,1,238.8987256,0.186102906,62.91687959,170.4410441,1.37E-07,0.039091295,2011,0.952678592,0.000190531,0.968162701,501,1,0.199238,0.0216328,0.078191,1.64595,0.118192,381.856,532,,332,584,252,,1,1,1,0.984615385,678.9524,720.6495918,699.590404,1,1355.25,574.585,699.8009959,1.607405641,0.006691842
2400,1.92E-08,0.947735898,322.6772626,0.002289732,426.9023096,0.001719587,0.002004659,374.7897861,2020,0.995614645,0.000818382,0.982567575,501,,1,95.0222,104.1898,16,3,176.8379598,0.172376004,40.0526437,302.6251722,2.94E-03,0.006742659,2021,0.967032862,2.02E-04,0.962612025,501,1,178.517323,0.19347295,33.67779164,193.0111372,0.003194464,0.005399777,2020,0.993096809,3.96E-05,0.905649967,501,1,0.172376,0.0742417,0.16758,35.9424,0.167676,176.838,176,,508,692,184,,1,1,1,1,455.0353061,479.651,467.4674747,1,1204.958333,373.933625,467.3431531,1.506439575,-0.25833338
2405,4.34E-08,0.811767633,465.3399677,0.0023687,566.8175476,0.001552431,0.001960566,516.0787577,2010,0.998983075,0.000192743,0.931642975,501,,1,104.5822,109.1922,17.89,3,409.1602054,0.216364963,109.3430257,131.6468201,4.25E-07,0.115615221,2010,0.976682688,0.000111315,0.914625836,501,1,331.3624057,0.140811396,66.85516081,289.1031868,1.72E-06,0.014325144,2010,0.987928047,4.47E-05,0.896004643,501,1,0.216365,0.0755536,0.0799206,1.58574,0.10129,409.16,2000,,404,2000,1596,,1,1,1,1,575.655,594.4726,585.0638,1,1083.416667,386.02175,585.0638,1.473841249,-0.346656613
2406,2.13E-08,0.909166522,704.5951903,0.001205678,663.7090862,0.001246172,0.001225925,684.1521382,2020,0.998587405,0.000356427,0.965302331,501,,1,95.81021,87.90368,11.2,2,498.0645891,0.199471225,164.8125615,326.8601547,2.00E-08,0.044316777,2010,0.948418204,0.00038583,0.969836673,501,1,342.222343,0.222653417,84.54436519,380.7583578,0.006238046,0.001689198,2010,0.994254641,6.81E-05,0.908950177,501,1,0.199471,0.034226,0.0469362,1.30771,0.0596016,498.065,680,,1108,1416,308,,1,0.9,0.98,0.984615385,576.8245455,556.7314894,566.4468132,0.98958333,1424.084211,445.96625,566.7780174,-0.258018815,-1.08393933
2415,1.66E-08,0.872297147,534.733489,0.002463496,599.352561,0.00212577,0.002294633,567.043025,2010,0.996820272,0.000890485,0.991042903,501,,3,105.7798,97.73546,17,3,760.0654128,0.085013695,234.3974888,103.279481,4.56E-08,0.049451832,2011,0.93955725,6.85E-05,0.925267805,501,1,1999.999602,0.053637586,301.6526003,520.9014087,0.01304242,0.018847863,2010,0.826358819,7.53E-05,0.96563931,501,1,0.0850137,0.0345692,0.0443837,2.09239,0.0568235,760.065,804,,588,1080,492,,1,0.95,0.99,0.992307692,603.2514,699.6226531,650.950303,1,1534.958333,538.150625,651.4370265,1.293972131,0.448270603
2469,2.78E-08,0.503138249,370.9890103,0.001292334,467.6251709,0.001402882,0.001347608,419.3070906,2010,0.993191807,0.000534278,0.995282215,501,,3,108.7426,103.0284,17.83,3,392.6439841,0.095508789,122.8985699,181.8687246,6.49E-08,0.040455001,2021,0.948458813,5.21E-05,0.910824832,501,1,1688.403887,0.059839202,999.9910439,791.7202396,0.005413829,0.059730735,2010,0.871198319,6.17E-05,0.952169747,501,1,0.0955088,0.0358309,0.0430222,1.81968,0.0430209,392.644,392,,224,480,256,,1,0.9,0.98,0.984615385,412.866,493.4216,453.1438,0.98958333,999.8947368,399.47825,453.1438,0.908759809,0.13339671
2474,7.23E-07,0.817599474,487.5261991,0.001580691,552.2689555,0.001335816,0.001458253,519.8975773,2020,0.995079312,0.000814238,0.98015977,501,,1,121.0761,111.0827,16.41,3,261.1317962,0.171314918,49.10029378,376.5217581,1.47E-08,0.056584531,2020,0.943223321,0.000256679,0.963806945,501,1,389.5691427,0.17432979,133.0897851,152.1291158,1.25E-08,0.032363118,2020,0.973182292,0.000109706,0.950574954,501,1,0.171315,0.0377477,0.046475,1.37228,0.0526034,261.132,248,,544,724,180,,1,1,1,1,518.3616,601.9115217,558.3959375,1,1436.34375,444.832,560.1365609,0.551204917,0.104145315
2476,0.010000039,0.89109438,456.4837632,0.002176149,546.9095604,0.002369047,0.002272598,501.6966618,2020,0.998482769,0.00036564,0.965579294,501,,1,111.0827,92.98452,16.25,3,442.0467276,0.111943006,75.20447232,413.6939385,0.006307258,0.018175721,2010,0.956917962,0.000109163,0.962836624,501,1,338.3349497,0.054730828,51.28380692,191.7989563,0.0042967,0.010166768,2011,0.971546477,1.05E-05,0.8444989,501,1,0.111943,0.0691201,0.0735971,2.91929,0.0802771,442.047,692,,388,1024,636,,1,0.95,0.99,0.984615385,537.939,521.06,529.4995,0.98958333,1152.726316,409.822125,529.4995,1.537422769,-0.416254366
2481,2.62E-08,0.906287081,533.2810974,0.002022253,594.7635731,0.001664238,0.001843245,564.0223352,2010,0.998477338,0.000364033,0.965205413,501,,1,114.9169,92.134,16.91,3,499.8425966,0.214277729,184.8946556,209.928929,5.38E-09,0.028684886,2020,0.983906723,0.000133982,0.927185536,501,1,335.5710621,0.180092931,93.3064545,182.4842673,5.10E-09,0.011994853,2020,0.989954782,5.37E-05,0.925990146,501,1,0.214278,0.0761015,0.102104,1.91024,0.108597,499.843,560,,464,740,276,,1,1,1,0.992307692,599.4787755,525.1888889,563.9144681,0.98958333,1533.715789,476.768,562.3338322,1.874101071,-0.86174927
2487,1.91E-08,0.876605184,453.8935568,0.001485624,568.8503693,0.001318522,0.001402073,511.371963,2010,0.995399945,0.000913606,0.983826256,501,,1,101.1291,86.26952,17.85,3,374.4073713,0.231634021,115.1627622,199.23586,6.76E-08,0.090864976,2020,0.956570989,0.000263829,0.962673911,501,1,255.3567151,0.12896577,48.27466441,412.2707556,0.000876189,0.000513518,2010,0.98371797,6.64E-05,0.932697029,501,1,0.231634,0.113731,0.116868,2.01831,0.117551,374.407,400,,376,2000,1624,,1,0.75,0.95,0.961538462,715.6675,712.6179167,714.1427083,0.97916667,1195.978723,347.202,714.1427083,0.013314432,-0.728149668
2491,0.001530199,0.826187762,514.7318661,0.002567992,536.5375262,0.00159724,0.002082616,525.6346962,2020,0.997460965,0.000524857,0.978144129,501,,1,99.62397,79.88867,16.02,3,551.9831252,0.218423186,146.5615422,91.95474032,3.62E-05,0.079580295,2020,0.928578182,0.000384071,0.974836962,501,1,363.5958193,0.14697022,102.1868759,115.2173796,1.07E-08,0.018656889,2021,0.986625828,3.58E-05,0.901795342,501,1,0.218423,0.14548,0.164994,4.08808,0.165513,551.983,560,,456,684,228,,0.9875,0.75,0.94,0.953846154,625.2541667,628.9666,627.1482653,0.98958333,1255.736842,421.832,627.1103833,0.009586845,-0.665961491
2492,0.068180634,0.779822502,425.8871712,0.002184804,475.2133,0.001571759,0.001878282,450.5502356,2020,0.989366081,0.001396865,0.986535952,501,,1,93.40131,82.3752,17.64,3,285.0313611,0.168239359,108.160867,235.3624086,1.89E-07,0.062760842,2020,0.943107338,0.000169338,0.951449648,501,1,347.6145444,0.255806788,121.7687847,86.17507616,0.02057029,0.039736109,2020,0.976317319,0.000169682,0.968435301,501,1,0.168239,-0.018659,-8.17E-05,0.999514,0.0537675,285.031,660,,476,636,160,,0.9875,0.75,0.94,0.953846154,483.979,502.4444681,492.9261856,1,1345.53125,434.68725,493.211734,-0.886917849,-0.314820714
2495,2.30E-08,0.951932331,534.1675963,0.002724107,588.5289436,0.002092457,0.002408282,561.34827,2010,0.999182635,0.000258304,0.952626396,501,,1,111.0827,104.5822,16.45,3,600.6267451,0.092964592,152.9184721,147.1062904,5.62E-06,0.015171344,2020,0.970571815,3.99E-05,0.934286983,501,1,490.9189669,0.054543974,150.3201541,133.3179706,2.22E-06,0.005781159,2011,0.977145143,1.09E-05,0.848817721,501,1,0.0929646,0.0669617,0.0699023,4.03102,0.0701882,600.627,612,,512,812,300,,1,1,1,1,481.5458,470.543125,476.1567347,0.98958333,1063.852632,509.383375,476.0444625,1.26284089,-0.84329452
2496,0.006292717,0.687269817,464.3859528,0.001942787,489.3791074,0.001466822,0.001704804,476.8825301,2010,0.998309077,0.000212512,0.964158141,501,,1,128.2119,117.6248,16.22,3,463.8811832,0.129111259,117.3308574,122.3522394,0.000189922,0.017819563,2020,0.978491154,4.79E-05,0.911090487,501,1,331.2309489,0.086011557,123.1082689,153.7059821,3.65E-07,0.010472437,2021,0.984585106,1.66E-05,0.872593145,501,1,0.129111,0.062644,0.0735876,2.32534,0.0741356,463.881,476,,368,592,224,,1,0.85,0.97,0.976923077,433.2804255,472.5676596,452.9240426,0.98958333,899.2105263,393.91,452.9240426,-0.038030442,-0.617017988
2498,1.21E-07,0.726765234,485.0812436,0.001491386,491.2938022,0.001209956,0.001350671,488.1875229,2010,0.998913335,0.000166262,0.942123676,501,,1,107.0155,98.87095,16.27,3,306.1227497,0.158307511,82.94459172,289.224037,0.003936074,0.062995917,2020,0.966902012,9.51E-05,0.92773405,501,1,282.5233311,0.133225421,66.676187,226.2359793,0.001211315,0.010565144,2011,0.990039874,2.96E-05,0.915154043,501,1,0.158308,0.0522246,0.0525456,1.49683,0.0595096,306.123,572,,448,1152,704,,1,0.95,0.99,0.992307692,533.9488,565.8164444,549.044,1,1169.520833,514.050125,549.8826222,1.857641118,0.371438635
2499,5.06E-08,0.890113369,523.8305841,0.001510147,589.5553158,0.001241716,0.001375931,556.69295,2020,0.998001078,0.000411812,0.970904311,501,,1,99.2477,79.88867,16.28,3,497.2178787,0.16178907,172.4692415,372.9518692,1.68E-07,0.006160917,2020,0.977474802,0.000144832,0.954964346,501,1,387.4312443,0.134512836,108.1726081,172.5429276,5.39E-08,0.008965487,2010,0.985190253,4.55E-05,0.918101783,501,1,0.161789,0.0631332,0.0761181,1.88849,0.0833429,497.218,624,,492,976,484,,1,0.8,0.96,0.969230769,475.6560417,479.1275556,477.3358065,0.97916667,1253.148936,371.912,477.3917986,-0.434951175,-1.138055183
2586,3.28E-08,0.917436463,588.6330522,0.001471495,621.305651,0.00138818,0.001429838,604.9693516,2020,0.998135971,0.000463482,0.975468098,501,,1,101.8849,97.73546,17.21,3,468.099394,0.146730086,163.612052,320.4372221,8.53E-10,0.017795418,2020,0.980196666,8.90E-05,0.934837752,501,1,299.5240831,0.222831072,65.56092405,267.5470057,0.011941254,0.012029528,2020,0.992791992,6.73E-05,0.927626859,501,1,0.14673,0.0131577,0.0250168,1.20554,0.0494689,468.099,728,,572,920,348,,1,0.95,0.99,0.992307692,660.4684,726.616,693.5422,1,1815.364583,501.459625,693.5422,0.35686028,-0.400916254
