subjectID,Min,Max,Crossover,Slope,exitflag,R,LS,AR,N,status,age,Exclude,goacc,nogoacc,gntestacc,gntotalacc,sscongruent,ssincongruent,sstotal,WJOC,WJSR,CMu,CH,CS1,CS2,CB1,CB2,Cexitflag,CR,CLS,CAR,CN,Cstatus,UMu,UH,US1,US2,UB1,UB2,Uexitflag,UR,ULS,UAR,UN,Ustatus,MinTime,MaxTime,extentCmU3,CompMax,CompMax-UnrelatedMax,CompMax-UnrelatedAtTimeOfCohortMax,CohortMaxDivUnrelatedAtTimeOfCohortMax,MaxDiffBetweenCohort&Unrelated,TimeOfMaxRhyme,TimeOfMaxDiff,CohortExtent03,eyemove
98,2.17E-08,0.778063692,483.3527426,0.002209761,2010,0.996789404,0.000630032,0.986901624,501,1,7.8,,0.9875,0.7,0.93,0.946153846,730.3792,721.9818,726.1805,110.1173,106.5987,450.9496867,0.192030029,59.41783605,160.8250255,1.31E-08,0.013489358,2040,0.992671676,3.87E-05,0.889886496,501,1,467.0978999,0.040656599,99.75129254,50.43206455,2.28E-07,0.007879588,2021,0.977143692,3.30E-06,0.815788341,501,1,384,604,220,0.19203,0.151373,0.151836,4.77761,0.151875,450.95,448,0,1363.65625
114,1.37E-08,0.930520776,632.5340063,0.002188755,2010,0.998657085,0.000429207,0.979006387,501,1,7.4,,0.975,0.8,0.94,0.946153846,1193.257,1418.9704,1306.1137,95.81021,88.4171,571.1956504,0.247745707,100.1950826,194.8413021,0.001338376,0.021512918,2010,0.989312852,0.000113107,0.936168595,501,1,521.6954048,0.097901968,77.09132183,81.53315905,0.004067441,0.006013316,2011,0.986057369,1.46E-05,0.896229954,501,1,516,804,288,0.247916,0.149312,0.164973,2.98901,0.19622,568.223,656,0,2036.96809
300,2.13E-08,0.938103699,537.8148918,0.002898773,2010,0.9983198,0.000527168,0.983133823,501,1,7.8,,0.9875,0.8,0.95,0.961538462,1065.575,1147.9284,1106.7517,105.7798,113.7305,499.4686858,0.252234828,61.10864668,132.1861869,1.33E-07,0.009041783,2040,0.994186089,5.02E-05,0.904896631,501,1,468.4301236,0.058398656,56.87341196,72.21114299,0.000593803,0.001032706,2011,0.984424,5.32E-06,0.788183879,501,1,432,640,208,0.252235,0.193865,0.198973,4.73573,0.204996,499.468,536,60,2181.65405
375,,,,,,,,,,,8.2,x,1,0.95,0.99,0.992307692,835.4338,942.9816,889.2077,113.1684,102.2645,,,,,,,,,,,,,,,,,,,,,,,,,,,,,,,,,,,,1372.36508
385,2.86E-08,0.818430451,537.3233978,0.00262214,2010,0.996601307,0.000734513,0.986332064,501,1,8.4,,0.975,0.75,0.93,0.946153846,840.8826,798.2372,819.5599,128.2119,126.2603,547.8771391,0.191957215,88.81341845,106.5530032,5.80E-09,0.013544276,2030,0.98514325,7.24E-05,0.940519786,501,1,485.1376177,0.07158921,61.04051603,124.8926523,0.007491837,1.41E-08,2020,0.990007448,1.10E-05,0.996392614,501,3,456,676,220,0.191957,0.119386,0.128058,3.00404,0.13263,547.877,572,0,1573.92105
496,1.50E-08,0.91549652,500.72158,0.002230621,2020,0.995828758,0.001135458,0.991118331,501,1,7.7,,1,0.85,0.97,0.976923077,860.2406,919.0194,889.63,98.87095,100,442.805227,0.162596452,68.43867952,231.732623,0.000898717,0.009132299,2020,0.987591772,5.96E-05,0.932401358,501,1,448.4849842,0.043368535,57.6009847,118.9473738,0.00223093,0.008383253,2041,0.979342494,3.86E-06,0.844258337,501,1,356,652,296,0.155624,0.112277,0.113268,3.6742,0.114233,433.158,428,0,1815.43455
583,2.39E-08,0.935015184,530.519064,0.003052539,2020,0.997425439,0.000747727,0.986082113,501,1,8.5,,1,0.95,0.99,0.992307692,780.9168,901.6556,841.2862,80.77673,95.0222,524.1100755,0.220798114,71.28012589,125.4237133,8.27E-09,0.000848517,2010,0.993841792,4.36E-05,0.915087892,501,1,473.4907497,0.033191531,48.4023705,121.5881051,5.27E-06,0.001486598,2030,0.980064591,2.71E-06,0.846802138,501,1,428,644,216,0.220798,0.187607,0.190227,7.22248,0.190638,524.11,532,0,1415.53158
706,1.74E-08,0.914203886,619.646942,0.002163585,2020,0.99812647,0.000588039,0.985545551,501,1,7.6,,1,1,1,1,1052.619,1105.451,1079.035,100.376,111.0827,560.3780495,0.206369158,77.89607233,183.0004085,0.000168831,0.009602738,2020,0.994399487,4.00E-05,0.885827709,501,1,541.6251023,0.085947623,69.43647498,118.7584275,4.62E-08,0.001535248,2031,0.994649966,5.40E-06,0.709853872,501,1,480,792,312,0.206369,0.120421,0.121426,2.4295,0.127175,560.378,636,0,1587.72396
774,2.02E-08,0.844625622,554.6377421,0.002747377,2010,0.995618538,0.001087619,0.989446035,501,1,8.8,,0.975,0.6,0.9,0.915384615,1028.693,1448.5488,1238.6209,112.0963,92.98452,551.56631,0.264183204,79.13015455,155.97911,0.003226191,0.016584638,2010,0.994232489,6.05E-05,0.909192834,501,1,624.7057571,0.041168166,118.1208804,39.35019569,0.001905958,0.013011277,2041,0.891966847,1.76E-05,0.9483256,501,1,448,692,244,0.263985,0.222993,0.2296,7.67742,0.229818,552.7,548,116,1744.51111
815,8.88E-08,0.87106671,535.3419229,0.002760119,2010,0.998189992,0.000473387,0.980189077,501,1,8.8,,1,0.8,0.96,0.969230769,931.6778,991.3622,961.52,96.9716,99.62397,504.1565779,0.202736735,56.20821548,163.5940675,0.008649596,0.031011275,2030,0.988696664,5.84E-05,0.907184321,501,1,534.2163205,0.058667318,89.76255779,62.79248647,0.006997415,0.016730091,2011,0.874454359,3.69E-05,0.958608231,501,1,432,676,244,0.197887,0.144155,0.144309,3.69342,0.144306,508.314,508,0,2015.32258
868,8.55E-08,0.909254412,558.7237866,0.00260162,2010,0.997527828,0.000696687,0.986744378,501,1,8.1,,0.9875,0.85,0.96,0.969230769,920.1738,924.8256,922.4997,128.2119,100.7523,564.895502,0.224138339,82.77587408,103.1832663,7.98E-09,0.008315988,2030,0.987644697,8.24E-05,0.961241949,501,1,549.5465748,0.049515974,70.7526481,115.4512243,0.001486335,0.00699679,2011,0.979369133,5.79E-06,0.863543138,501,1,456,660,204,0.224138,0.174765,0.174998,4.56119,0.175082,564.895,568,0,2226.76842
1232,1.56E-08,0.956588073,556.7116924,0.002408363,2020,0.996596552,0.001087296,0.990385002,501,1,7.6,,0.9875,0.75,0.94,0.953846154,748.1076,741.4884,744.798,115.5465,104.1898,523.6605582,0.222118036,72.74675163,143.9252497,6.89E-09,0.007948179,2040,0.994071777,4.37E-05,0.928898172,501,1,496.8017787,0.093620133,67.87083781,124.3485592,1.39E-06,0.00748939,2021,0.989708851,1.15E-05,0.847311499,501,1,448,664,216,0.222118,0.128498,0.130534,2.42528,0.132467,523.661,552,0,1639.28042
1295,4.08E-08,0.957380698,550.0103055,0.002514703,2010,0.996872428,0.000961116,0.989578257,501,1,7.5,,1,0.75,0.95,0.961538462,1078.7142,911.465,995.0896,120.1113,104.9778,544.6793058,0.185265827,78.62020165,154.251821,0.001811099,0.009430886,2010,0.996824405,1.65E-05,0.815196066,501,1,482.5781108,0.042487731,56.61915808,137.8366537,0.001916289,0.008011253,2031,0.980025211,3.97E-06,0.848177924,501,1,456,688,232,0.185266,0.142894,0.145834,4.69841,0.146718,544.679,560,0,1424.51323
1302,1.15E-08,0.883774514,672.6620971,0.001505861,2020,0.998552637,0.000408371,0.979813785,501,1,7.2,,0.975,0.65,0.91,0.930769231,915.8612,775.2434,845.5523,107.866,103.4132,485.3206793,0.152168138,61.88184528,235.6408797,2.37E-08,0.003950345,2040,0.994158322,2.56E-05,0.884431961,501,1,482.9885809,0.044793862,62.26998432,172.0220547,0.000717326,0.000948672,2040,0.974575223,8.37E-06,0.859554896,501,1,408,728,320,0.152168,0.107374,0.107393,3.39848,0.107383,485.32,488,0,1753.30159
1303,,,,,,,,,,,8.2,x,0.9875,0.65,0.92,0.938461538,777.1822,917.5968,847.3895,116.8959,103.0284,,,,,,,,,,,,,,,,,,,,,,,,,,,,,,,,,,,,
1305,1.51E-08,0.949588573,553.7297965,0.002295092,2020,0.995430018,0.001438073,0.991865594,501,1,8.4,,1,0.8,0.96,0.969230769,743.023,778.5642,760.7936,115.5465,109.6502,492.0250852,0.186498025,64.23162638,167.9563463,1.00E-08,0.005494387,2010,0.996025147,2.19E-05,0.848394721,501,1,467.39981,0.043760171,48.54062596,198.2849624,7.28E-06,0.000309421,2021,0.98204059,5.99E-06,0.797598203,501,1,408,644,236,0.186498,0.142738,0.143071,4.29456,0.143137,492.025,496,0,1899.63684
1309,2.40E-08,0.801083835,550.2334836,0.001892498,2020,0.998186471,0.000394466,0.981903079,501,1,7.3,,0.9375,0.55,0.86,0.876923077,869.398,944.7784,907.0882,100,106.5987,478.7744555,0.232255021,69.4478649,184.4476922,8.44E-09,0.007627526,2030,0.994923201,4.60E-05,0.896541179,501,1,435.716759,0.05861711,55.06047144,141.758487,2.44E-05,0.004623921,2030,0.984518851,6.94E-06,0.867012373,501,1,404,656,252,0.232255,0.173638,0.176209,4.14401,0.177461,478.774,504,0,1857.54255
1313,1.50E-08,0.895629021,618.9607441,0.002056724,2010,0.996267972,0.001110164,0.991602553,501,1,7.7,,0.9875,0.75,0.94,0.946153846,915.3796,1013.6106,964.4951,114.9169,100.376,554.2697052,0.206617576,70.58439844,224.7545606,1.27E-08,0.014245299,2040,0.990959773,6.94E-05,0.925578318,501,1,523.1220776,0.030121656,67.25082153,144.4535799,0.000545819,0.009457481,2020,0.975786684,2.58E-06,0.815411316,501,1,480,732,252,0.206618,0.17653,0.177024,6.98191,0.17712,554.27,564,0,2348.93122
1319,3.34E-08,0.968239267,554.0776238,0.003222361,2010,0.998360322,0.000571478,0.987173123,501,1,7.8,,0.9875,0.55,0.9,0.907692308,1041.6448,1105.7306,1073.6877,113.7305,91.25738,530.8982853,0.208558287,60.40715079,162.1474049,6.27E-08,0.00799691,2020,0.994127641,3.86E-05,0.908745155,501,1,520.541549,0.027300055,65.05819743,85.75456038,0.002082821,0.000391588,2041,0.966671562,2.91E-06,0.782870576,501,1,460,680,220,0.208558,0.181144,0.181451,7.69372,0.181616,530.898,540,0,1855
1327,1.90E-08,0.733641291,482.3957729,0.001779489,2020,0.995526892,0.000733367,0.984389792,501,1,8.2,,0.975,0.65,0.91,0.923076923,1157.2658,1330.4554,1243.8606,117.6248,100.376,463.3549781,0.096269132,94.13875702,218.0528096,5.14E-08,0.008151056,2010,0.985509633,2.44E-05,0.915636394,501,1,428.3590753,0.062983956,68.84367957,198.3577856,0.002969437,0.024334682,2041,0.962580513,1.75E-05,0.889967647,501,1,356,720,364,0.0962691,0.0363243,0.0370516,1.62569,0.0375689,463.355,496,0,1793.16754
1334,2.19E-08,0.943244276,540.841945,0.002528889,2010,0.996629543,0.000997705,0.990096111,501,1,7.96,,0.975,0.8,0.94,0.946153846,1442.1664,1409.9102,1426.0383,100.376,101.5065,498.2256365,0.229398541,81.25383944,173.5153359,0.001745875,0.00770387,2040,0.994622077,4.71E-05,0.909312231,501,1,491.978967,0.064711484,72.33950746,99.10584676,1.97E-06,0.00387935,2011,0.978630332,1.09E-05,0.915375394,501,1,404,688,284,0.226198,0.161487,0.161686,3.50626,0.162636,500.327,532,0,1693.01042
1338,1.09E-07,0.951800672,471.8401975,0.003070049,2020,0.99896251,0.000300296,0.969769839,501,1,7.2,,0.975,0.9,0.96,0.969230769,857.8168,978.3058,918.0613,123.3216,122.1369,426.0880814,0.258342668,68.31149902,145.5490111,2.09E-06,0.007694821,2040,0.995054765,4.89E-05,0.879817431,501,1,395.0183924,0.051781334,55.33129858,89.96730948,0.000429103,0.00346642,2021,0.984172609,4.32E-06,0.827290273,501,1,340,576,236,0.258343,0.213666,0.215505,6.03079,0.216151,426.088,440,100,1739.67368
1349,2.71E-08,0.966545811,532.1375925,0.002985513,2010,0.99834843,0.000548295,0.984132547,501,1,8.3,,0.975,1,0.98,0.976923077,930.6944,913.4506,922.0725,101.1291,102.6456,485.6556076,0.315875545,57.93808162,119.1385542,3.40E-06,0.00361552,2020,0.993205819,8.94E-05,0.917480677,501,1,473.2559938,0.052530314,52.44438238,130.6396474,0.000408818,0.000588029,2030,0.992108573,2.93E-06,0.682009648,501,1,404,588,184,0.315876,0.263343,0.263674,6.05106,0.263613,485.656,488,128,1623.25521
1371,1.51E-08,0.849260981,463.2659691,0.00250021,2020,0.997710218,0.000511293,0.979789464,501,1,8.2,,0.8875,0.95,0.9,0.923076923,996.073,1186.1738,1091.1234,98.87095,83.10413,431.7298373,0.191971126,67.04970606,144.3791089,0.000546648,0.012053858,2040,0.98864384,5.83E-05,0.924914602,501,1,440.2994859,0.040068708,60.0093093,84.70117976,5.20E-06,0.00229085,2040,0.978784891,3.58E-06,0.829786169,501,1,348,536,188,0.187939,0.14787,0.148251,4.73541,0.148507,430.936,428,0,1706.95676
1375,1.95E-08,0.980603602,542.069409,0.002739564,2020,0.998037311,0.000658309,0.986821084,501,1,8.7,,0.975,0.65,0.91,0.930769231,668.6688,776.5262,722.5975,98.49349,94.22019,487.7972228,0.221352017,62.86646024,163.4243873,0.001403611,0.002437211,2010,0.994469766,4.29E-05,0.88638724,501,1,476.307112,0.107420636,53.0014335,108.946964,0.002217866,0.003084026,2041,0.992545101,1.01E-05,0.846070411,501,1,420,676,256,0.22183,0.114505,0.114689,2.07045,0.119133,484.259,564,0,1265.01058
1379,1.24E-08,0.518133034,496.9076911,0.001515717,2010,0.998367185,0.000141138,0.963481191,501,1,8.4,,0.9875,0.5,0.89,0.907692308,NA,NA,NA,104.1898,105.7798,440.6294022,0.132396798,80.3819583,192.7013621,4.43E-09,0.003940865,2020,0.98337988,5.23E-05,0.936832482,501,1,381.6753053,0.035606807,49.24759885,111.9382777,3.57E-07,0.001941596,2021,0.940830455,9.22E-06,0.931052639,501,1,380,620,240,0.132397,0.0967907,0.101065,4.22563,0.105277,440.629,496,0,1505.14063
1381,2.10E-08,0.962290955,622.0516043,0.002518431,2020,0.998763878,0.000436884,0.983250446,501,1,7.5,,0.9625,0.65,0.9,0.915384615,1174.87,1173.4398,1174.1549,112.6243,104.9778,582.3940883,0.169690935,109.2930605,181.3748607,5.42E-09,0.007629335,2030,0.992306595,4.06E-05,0.921510309,501,1,510.6597623,0.084645463,65.77324573,137.760261,2.19E-08,0.001585316,2011,0.992561466,7.78E-06,0.82062678,501,1,516,836,320,0.169691,0.0850455,0.0960203,2.30337,0.1078,582.394,664,0,1725.92973
1407,1.38E-07,0.835132754,531.7504372,0.002633059,2010,0.99752734,0.000560152,0.983353354,501,1,8.3,,0.95,0.7,0.9,0.923076923,1129.7214,934.6508,1032.1861,97.35439,114.9169,505.3898324,0.194658833,84.36737682,155.5367909,0.003580369,0.005483495,2010,0.992806842,4.37E-05,0.880239917,501,1,480.1283304,0.090494703,70.48261662,78.17633574,0.00121318,0.00967454,2010,0.993903986,4.81E-06,0.728375174,501,1,456,684,228,0.188527,0.0979968,0.10296,2.20327,0.124175,505.782,588,0,1674.13514
1416,2.77E-07,0.822374931,505.1003238,0.003227949,2020,0.998160926,0.000424571,0.977677547,501,1,11.4,,1,0.7,0.94,0.953846154,866.5846,758.4824,812.5335,103.0284,98.87095,497.0368173,0.150568823,64.30657493,100.4255643,1.55E-07,0.00815043,2021,0.987435106,3.35E-05,0.915219927,501,1,452.0948466,0.022446914,38.4898373,113.6131241,3.61E-06,0.00324081,2040,0.964983627,1.83E-06,0.867474843,501,1,412,600,188,0.150569,0.128122,0.129504,7.1478,0.129694,497.037,500,0,1226.37766
1418,2.11E-08,0.951476774,455.47064,0.00357836,2020,0.997105588,0.000845649,0.988389924,501,1,11.02,,1,0.95,0.99,0.992307692,716.4022,691.1118,703.757,116.2048,92.134,448.5878615,0.108754855,59.9439551,122.5046222,9.47E-08,0.002895053,2031,0.992070222,1.24E-05,0.853316338,501,1,417.3000728,0.011340495,38.44679062,130.6345288,4.06E-06,1.64E-06,2040,0.982416886,3.01E-07,0.858728231,501,1,364,580,216,0.108755,0.097416,0.0977239,9.85906,0.097767,448.588,452,0,1235.31771
1428,,,,,,,,,,,12.6,x,1,0.9,0.98,0.976923077,1439.1852,1430.016,1434.6006,92.134,95.41779,,,,,,,,,,,,,,,,,,,,,,,,,,,,,,,,,,,,1231.73684
1432,3.33E-08,0.926289783,348.4870202,0.006132358,2020,0.994458441,0.001252074,0.992189505,501,1,12.4,,1,0.9,0.98,0.984615385,728.0528,729.4004,728.7266,100,92,392.9356697,0.155800969,60.17418951,65.66229772,1.15E-08,0.024758664,2041,0.931270194,0.000144819,0.98020522,501,1,1002.431398,0.010018388,111.7501628,732.30829,0.000676363,0.009961435,2040,0.985926892,5.63E-07,0.933819711,501,1,304,468,164,0.155801,0.145783,0.155125,230.346,0.155106,392.936,392,0,1294.29167
1436,4.01E-08,0.928638394,470.9334002,0.004517912,2010,0.998549148,0.000411793,0.973951911,501,1,12.9,,1,0.85,0.97,0.976923077,608.4524,721.2508,664.8516,130.8062,89.88265,467.5764949,0.14672134,55.15080101,90.98452006,4.46E-08,0.006967778,2011,0.993209462,1.54E-05,0.851926003,501,1,377.4212022,0.011156768,22.60007216,154.7964474,9.18E-07,3.86E-07,2020,0.981160031,6.85E-07,0.992200528,501,3,392,544,152,0.146721,0.141287,0.144349,61.8362,0.144347,467.576,468,0,1103.93229
1439,2.34E-08,0.933392733,460.8462007,0.003916932,2010,0.998366354,0.000465438,0.983125693,501,1,11.09,,0.9875,0.95,0.98,0.976923077,689.5218,665.9178,677.7198,120.1113,95.81021,451.6449791,0.186844787,53.98024597,84.14360679,0.001892314,0.008981217,2020,0.994966153,1.75E-05,0.8615306,501,1,432.7452146,0.018555441,44.07220046,92.53834316,7.90E-07,0.002841999,2020,0.96300792,3.10E-06,0.97924805,501,3,372,528,156,0.186694,0.178649,0.182603,45.6361,0.182601,452.227,452,0,1247.21354
1440,3.39E-08,0.960850692,542.5874208,0.002667353,2010,0.998605934,0.000431216,0.977837562,501,1,8.9,,0.95,0.65,0.89,0.915384615,924.4374,1045.6806,985.059,130.8062,112.0963,512.4387138,0.228809059,73.208105,142.4805331,0.002732251,0.010614565,2020,0.99492374,3.82E-05,0.888497961,501,1,488.9426603,0.093700052,65.36856518,79.83682464,0.00143002,0.003003035,2030,0.991317807,8.14E-06,0.794815034,501,1,444,676,232,0.229191,0.135453,0.139287,2.5493,0.154347,509.366,580,0,1230.71809
1597,9.10E-08,0.878596066,669.2681567,0.002026768,2010,0.998554533,0.000426105,0.977532351,501,1,8.1,,0.9625,0.95,0.96,0.946153846,935.2598,1144.005,1039.6324,99.62397,91.69923,595.9817319,0.226384055,85.24875835,225.3987134,0.005297575,0.004534931,2030,0.993968402,5.96E-05,0.885120126,501,1,580.4106325,0.123825404,90.95551537,98.95228591,0.007982793,0.009061776,2011,0.99557906,8.22E-06,0.735696407,501,1,572,868,296,0.22654,0.104113,0.104926,1.86279,0.14514,595.116,740,0,3118.61905
1769,4.11E-08,0.809083687,596.8147701,0.001906994,2010,0.998570849,0.000352861,0.977687988,501,1,7.6,,0.975,0.85,0.95,0.961538462,1261.455,1254.6212,1258.0381,100.376,NA,516.1951267,0.217364117,77.72382307,179.4529349,0.002789679,0.009288337,2010,0.996392176,2.80E-05,0.820595515,501,1,449.9978526,0.063600452,40.90279082,137.8630695,1.43E-06,0.004275785,2040,0.989427214,5.27E-06,0.824182818,501,1,440,724,284,0.21459,0.15099,0.158165,3.80311,0.161565,517.649,556,0,2446.30387
2238,7.94E-08,0.921068935,476.8325694,0.004064465,2010,0.998198133,0.000496818,0.982597251,501,1,11.4,,0.9875,0.9,0.97,0.969230769,661.7698,639.3162,650.543,134.8952,134.8952,479.0973636,0.206840599,61.14139552,101.3048068,9.93E-09,0.007361697,2030,0.994674291,2.68E-05,0.862256495,501,1,438.2051388,0.032057059,62.80492974,58.86822082,0.002314968,8.72E-06,2011,0.989935823,1.02E-06,0.586892651,501,1,404,580,176,0.206841,0.175109,0.181492,8.15976,0.183957,479.097,496,0,1067.12169
2240,3.36E-07,0.48659442,484.5222024,0.002404421,2020,0.984707416,0.001187681,0.991386102,501,1,11,,1,0.85,0.97,0.976923077,681.346,631.4654,656.4057,96.58682,96.19979,490.8696355,0.184605875,69.24090156,138.3949521,4.30E-08,0.010293963,2040,0.995263703,2.25E-05,0.846060355,501,1,474.0534081,0.054169963,53.93978064,91.09643752,0.002663601,0.005929072,2031,0.983689178,4.50E-06,0.8350139,501,1,404,640,236,0.184606,0.130523,0.131268,3.46104,0.132206,490.87,516,0,1042.83854
2246,1.47E-08,0.950737326,348.8953664,0.004456776,2020,0.996557584,0.000826344,0.986878917,501,1,11.5,,1,0.95,0.99,0.992307692,526.4216,630.719,578.5703,110.5945,98.49349,344.015452,0.212838277,40.48066992,101.1005994,3.51E-09,0.004006814,2040,0.994563305,2.64E-05,0.851504016,501,1,318.2183515,0.011745867,42.72129931,103.0012988,3.24E-06,1.36E-06,2030,0.964547126,5.93E-07,0.909879733,501,1,284,432,148,0.212838,0.201097,0.201456,18.6997,0.201456,344.015,344,20,988.828125
2250,,,,,,,,,,,7.3,x,0.975,0.85,0.95,0.953846154,976.3088,1146.0286,1061.1687,111.0827,100.376,,,,,,,,,,,,,,,,,,,,,,,,,,,,,,,,,,,,
2255,2.60E-08,0.53848562,686.1715201,0.00109192,2010,0.997230543,0.000298624,0.976200193,501,1,7.2,,0.9375,0.7,0.89,0.884615385,1171.7624,1222.9254,1197.3439,107.0155,88.4171,605.890676,0.106645739,85.79829472,219.3053824,7.95E-08,0.007144266,2040,0.988884872,2.35E-05,0.90637211,501,1,1999.979513,0.014082082,831.8685068,432.8040449,6.46E-07,0.005456132,2030,0.86230928,7.42E-06,0.977523451,501,1,492,832,340,0.106646,0.0922084,0.103759,36.9458,0.10376,605.891,604,0,2312.2303
2260,7.00E-08,0.982803135,589.0384157,0.002601165,2010,0.998747116,0.000445302,0.982691615,501,1,12,,1,0.9,0.98,0.984615385,956.8534,1032.0812,994.4673,101.1291,107.0155,559.0340632,0.326973655,92.99661982,152.6619781,6.56E-07,0.002431665,2040,0.997368539,4.80E-05,0.856394511,501,1,485.6135861,0.062894198,62.66526882,108.1803529,3.22E-06,0.002928305,2021,0.982107885,8.72E-06,0.86888245,501,1,456,720,264,0.326974,0.264079,0.276704,6.50444,0.280079,559.034,584,204,1443.34896
2269,4.34E-08,0.967590895,545.6216775,0.002999111,2010,0.998722481,0.000408449,0.976565437,501,1,11.7,,1,0.75,0.95,0.961538462,729.8784,769.1448,749.5116,90.80781,98.11508,464.8739559,0.20559562,42.21572287,155.2585494,0.00467995,0.008396784,2030,0.987627449,7.14E-05,0.944722206,501,1,488.2650481,0.115274934,54.4093065,88.12821193,0.005983615,0.002044302,2031,0.993925679,8.59E-06,0.820198623,501,1,404,624,220,0.20549,0.0906644,0.0987366,1.9249,0.103444,465.907,456,0,1451.86316
2281,1.95E-08,0.966208287,464.6820719,0.003375683,2010,0.99748328,0.000764347,0.986940782,501,1,11.2,,0.9875,0.75,0.94,0.946153846,822.0548,824.8668,823.4608,89.88265,78.92393,455.2747795,0.20710143,59.1537868,99.99344217,1.49E-08,0.000521986,2040,0.997674486,1.21E-05,0.792745992,501,1,450.7160815,0.025644638,63.12893378,91.8614174,1.79E-06,0.000125322,2011,0.976363563,1.90E-06,0.77125318,501,1,376,552,176,0.207101,0.181456,0.181498,8.08867,0.181492,455.275,456,0,1056.56771
2283,2.60E-08,0.871160162,496.5637581,0.002947251,2010,0.99870336,0.000324619,0.976600987,501,1,11.1,,1,0.75,0.95,0.961538462,487.2214,552.1634,519.6924,83.10413,83.10413,453.6635013,0.198937949,59.65020679,117.164,0.003887805,0.005723353,2010,0.994016421,2.98E-05,0.877305594,501,1,427.2986862,0.083272374,60.12656913,83.94950871,0.004978942,0.000401598,2030,0.991880406,6.26E-06,0.821169718,501,1,404,584,180,0.195168,0.117378,0.119407,2.57609,0.123793,450.047,492,0,1055.48438
2295,2.53E-08,0.792118089,468.8070936,0.003743334,2020,0.992961093,0.001403519,0.992655939,501,1,12.9,,1,0.8,0.96,0.969230769,581.6136,686.6064,634.11,124.6728,111.0827,440.7072725,0.176413835,42.09031359,138.6855945,0.000265666,0.007368154,2020,0.986362162,5.46E-05,0.927493382,501,1,416.5542311,0.028490451,39.22630407,128.6261839,0.003805447,0.002445975,2021,0.947815033,4.78E-06,0.866752747,501,1,388,560,172,0.176414,0.148295,0.148545,6.33021,0.148624,440.704,444,0,1038.89583
2304,0.000983086,0.69350056,559.4298439,0.002115831,2020,0.990686672,0.001457634,0.993369072,501,1,11.8,,0.975,0.65,0.91,0.915384615,716.121,1110.3342,913.2276,65.10478,78.92393,481.0621282,0.067627357,81.47770313,158.0157668,5.26E-07,0.009574918,2011,0.983791163,1.04E-05,0.85545195,501,1,539.9629765,0.021249641,159.9908844,54.27908015,0.000225562,0.005957164,2030,0.877326788,6.14E-06,0.956445415,501,1,384,712,328,0.0676274,0.0464855,0.0465245,3.20466,0.0468782,481.063,520,0,1533.32447
2305,1.25E-08,0.712099042,512.9355025,0.003590026,2020,0.99787908,0.000368956,0.979683384,501,1,11.28,,1,0.85,0.97,0.976923077,707.3288,695.0984,701.2136,95.81021,95.0222,519.2949055,0.163720209,63.87681013,126.2070729,4.81E-09,0.020404446,2041,0.993826972,1.99E-05,0.831639948,501,1,517.1739793,0.010919453,109.391981,81.02640596,6.48E-07,0.004787706,2040,0.927671684,9.76E-07,0.928104496,501,1,440,636,196,0.16372,0.152801,0.152805,14.999,0.152803,519.295,520,0,1077.95767
2308,4.54E-08,0.834218096,493.5546342,0.003495495,2010,0.987487635,0.002818641,0.9961093,501,1,7.2,,0.9875,0.95,0.98,0.984615385,933.0466,1077.2692,1005.1579,102.6456,86.26952,462.2010042,0.169404545,61.32628242,125.0355138,1.35E-08,0.008031884,2040,0.989490395,3.93E-05,0.899760517,501,1,457.679259,0.080684375,57.68336438,85.43633676,3.28E-06,0.009815665,2021,0.993680324,3.88E-06,0.700825844,501,1,384,608,224,0.169405,0.0887201,0.0889137,2.10464,0.0897122,462.201,496,0,1254.28125
2309,3.35E-08,0.961818004,400.7053058,0.003829914,2020,0.997210716,0.000745818,0.982739086,501,1,7.2,,1,1,1,1,576.7558,641.1548,608.9553,98.11508,89.40546,375.364652,0.215039092,49.26696487,93.63017573,0.000628098,6.06E-05,2010,0.993383594,3.41E-05,0.870290772,501,1,372.3437556,0.063155266,44.55737644,87.58168565,2.76E-06,0.002217074,2041,0.992559882,2.93E-06,0.713621871,501,1,304,464,160,0.213704,0.150547,0.1506,3.38654,0.150588,374.99,376,0,1089.30729
2310,5.12E-08,0.931479046,590.3603706,0.002478177,2010,0.996046129,0.001228984,0.991508733,501,1,12.8,,0.9875,0.65,0.92,0.923076923,782.2476,858.8744,820.561,114.9169,106.5987,563.8024348,0.224427385,71.8366755,132.2214007,0.000183971,0.010672417,2040,0.994291142,4.00E-05,0.900801707,501,1,587.4447121,0.042512152,79.79825083,102.9155778,0.003827947,0.004643622,2010,0.951808429,1.02E-05,0.937701399,501,1,468,680,212,0.224418,0.181945,0.184073,5.56247,0.184386,563.854,560,0,1815.69792
2311,1.79E-08,0.983498971,609.6290343,0.002061951,2010,0.998486598,0.000525102,0.985171817,501,1,12,,1,0.95,0.99,0.992307692,859.091,1013.4348,936.2629,111.5829,103.4132,485.6761118,0.299239274,66.25468939,220.3582789,2.44E-07,0.00027581,2030,0.994650152,9.17E-05,0.921444464,501,1,464.2913462,0.119579265,63.98066492,137.8066718,0.003461708,0.001686089,2021,0.992495542,1.54E-05,0.875894229,501,1,428,724,296,0.299242,0.181737,0.183367,2.58245,0.192399,485.679,580,0,2249.08947
2312,6.98E-08,0.981600429,465.9711408,0.004088566,2010,0.999215876,0.000237819,0.963735844,501,1,11.6,,1,1,1,1,616.6896,745.465,681.0773,95.41779,112.0963,454.749223,0.116770777,70.55338981,94.25653938,7.74E-08,0.003687896,2031,0.989505693,1.73E-05,0.864286166,501,1,435.2363821,0.011766898,74.44512803,46.75818347,3.44E-07,5.42E-07,2020,0.963445189,5.22E-07,0.894266946,501,1,364,544,180,0.116771,0.105005,0.106113,10.956,0.106493,454.749,464,0,962.421875
2313,2.17E-08,0.945786488,560.2264202,0.002599192,2010,0.99795961,0.000623045,0.986745848,501,1,12.9,,0.975,0.9,0.96,0.961538462,844.826,1075.9914,960.4087,85.68752,88.4171,493.1711449,0.208531255,78.86998,185.2764772,9.14E-09,1.02E-08,2040,0.994204385,4.61E-05,0.904971079,501,1,482.735234,0.077627855,64.18598356,101.8091844,2.49E-06,0.001074756,2031,0.992512643,5.63E-06,0.781902776,501,1,388,728,340,0.208531,0.130501,0.130692,2.67901,0.137577,493.171,580,0,1435.33333
2314,2.60E-08,0.93699959,458.5268538,0.003151809,2010,0.997594699,0.000644159,0.987434973,501,1,7.4,,0.975,0.75,0.93,0.946153846,602.3322,598.1932,600.2627,114.3125,83.10413,455.7341166,0.225908911,59.03044757,130.2081724,7.59E-09,0.000873068,2010,0.994856056,3.69E-05,0.896143109,501,1,411.7541412,0.078305345,42.01988797,92.07633811,1.09E-07,0.002611363,2041,0.985582448,8.98E-06,0.871143984,501,1,396,604,208,0.225909,0.147604,0.155858,3.2249,0.162985,455.734,496,0,1117.26042
2315,4.69E-08,0.785498472,328.5280929,0.003887946,2010,0.9753062,0.003673114,0.996953106,501,1,8,,0.9875,0.8,0.95,0.961538462,1129.2528,844.8946,987.0737,95.0222,73.73971,336.8112019,0.167033027,50.72162277,125.2240866,1.17E-08,0.008992836,2040,0.992937554,2.40E-05,0.903492108,501,1,275.0596868,0.010859365,16.59271154,210.4433181,7.89E-07,1.35E-06,2020,0.968970454,1.38E-06,0.998922224,501,3,264,468,204,0.167033,0.156659,0.163324,45.0344,0.163303,336.811,336,0,1196.26984
2316,8.72E-09,0.947139003,645.273889,0.001897721,2010,0.99770876,0.000770033,0.989227668,501,1,7.1,,0.975,0.7,0.92,0.923076923,1150.3824,1240.1594,1195.2709,91.25738,78.92393,625.3155773,0.154993339,137.4248322,192.9311862,4.38E-09,0.006439651,2030,0.990884518,4.32E-05,0.912882898,501,1,503.9389607,0.076337182,60.04255938,138.7118534,1.17E-05,0.002242857,2031,0.987953413,9.92E-06,0.87528323,501,1,576,844,268,0.154395,0.0780586,0.103767,3.0496,0.115089,629.808,700,0,1809.62703
2318,1.45E-08,0.980109984,565.3743561,0.002708767,2020,0.996950763,0.001050757,0.988706259,501,1,7.1,,0.975,0.9,0.96,0.969230769,1104.9028,992.8684,1048.8856,93.81305,101.8849,536.7752698,0.251893004,70.07387998,165.345081,5.11E-09,0.007151214,2030,0.992895788,7.28E-05,0.936571501,501,1,494.4298757,0.065456972,39.20633243,101.3990146,0.003820991,0.001468554,2030,0.977086746,1.04E-05,0.915838014,501,1,456,708,252,0.251893,0.186534,0.191053,4.14025,0.196984,536.775,580,0,1581.88021
2319,1.19E-08,0.877575903,521.0180884,0.002419706,2010,0.99756943,0.000639077,0.985107705,501,1,12,,NA,NA,NA,NA,NA,NA,NA,105.7798,101.5065,554.0785777,0.211555512,105.7506593,183.88365,5.94E-09,0.008914292,2030,0.994263156,4.67E-05,0.893996123,501,1,508.6967998,0.044933101,86.97725874,88.47482439,9.87E-07,0.006069421,2011,0.954811141,1.05E-05,0.921218325,501,1,436,780,344,0.211556,0.166622,0.171798,5.32118,0.176446,554.079,600,0,2826.49735
2320,,,,,,,,,,,8.6,x,1,0.95,0.99,0.984615385,798.6902,872.4994,835.5948,113.7305,106.5987,,,,,,,,,,,,,,,,,,,,,,,,,,,,,,,,,,,,2305.43455
2321,2.74E-08,0.977147592,415.1438183,0.004170355,2010,0.999179555,0.000242622,0.967573878,501,1,12.6,,1,0.9,0.98,0.984615385,775.3248,782.5334,778.9291,104.9778,92.56225,378.2183013,0.127482032,62.24396082,138.0501807,1.24E-08,0.000745826,2011,0.989557293,2.50E-05,0.901327371,501,1,306.649576,0.009329326,21.57479989,190.3170093,4.49E-06,0.000491976,2031,0.905019679,1.35E-06,0.957830121,501,1,292,516,224,0.127482,0.118153,0.118785,14.6574,0.118774,378.218,380,0,1291.87368
2327,4.83E-08,0.892745359,593.0654479,0.002522576,2010,0.997522153,0.000687525,0.987796356,501,1,11.1,,1,0.75,0.95,0.953846154,959.9936,1160.2598,1060.1267,95.41779,94.62312,568.3751439,0.242553721,87.65507889,157.1696443,3.17E-08,0.014128581,2030,0.992275251,7.25E-05,0.934769996,501,1,541.371788,0.085782425,92.21099921,75.91160651,1.19E-05,0.003262111,2011,0.985114378,1.33E-05,0.911939412,501,1,488,736,248,0.242554,0.156771,0.161693,2.99965,0.181281,568.375,640,0,1384.99474
2329,1.58E-08,0.965685462,433.3994926,0.003315845,2020,0.993936553,0.001683541,0.99074596,501,1,8.5,,0.9875,0.95,0.98,0.984615385,537.9374,621.2028,579.5701,92.134,90.80781,432.9572793,0.259382561,51.40413979,111.575887,1.00E-08,0.003844177,2010,0.992508941,6.18E-05,0.925296064,501,1,381.8543627,0.021076496,20.50673814,89.0830077,2.77E-05,0.002123242,40,0.965719454,1.24E-06,0.81766083,501,1,360,536,176,0.259383,0.238305,0.241085,14.1762,0.241436,432.957,440,104,1066.48438
2330,8.59E-09,0.941191485,628.0543048,0.002114401,2010,0.997563108,0.000823416,0.988476718,501,1,7.6,,0.9875,0.9,0.97,0.976923077,940.7682,857.8664,899.3173,100.376,95.0222,580.3252765,0.230274962,93.59789355,211.0920495,5.47E-09,0.00012866,2010,0.995815145,4.44E-05,0.897047364,501,1,526.4173178,0.104258296,64.08139891,116.0414932,0.003488824,0.002557329,2020,0.989147925,1.52E-05,0.889120735,501,1,528,800,272,0.230275,0.130003,0.139337,2.53222,0.161229,580.325,680,0,1954.83598
2331,4.19E-08,0.939114821,515.8080785,0.003977362,2010,0.996688904,0.000993152,0.991233546,501,1,12.4,,1,0.65,0.93,0.930769231,869.461,944.6996,907.0803,88.4171,85.08313,512.534882,0.191231154,65.63634474,100.1493066,1.45E-08,0.002371048,2030,0.99468729,2.41E-05,0.868478361,501,1,194.3173537,0.008084868,138.0973925,63.94847576,8.98E-06,2.82E-06,2020,0.94293213,8.78E-07,0.981457398,501,3,424,596,172,0.191231,0.187011,0.188252,64.1984,0.188246,512.535,512,0,1439.44792
2332,1.69E-08,0.948295258,695.3316746,0.002108647,2010,0.99805594,0.000682472,0.986053316,501,1,8.5,,0.95,0.7,0.9,0.907692308,1452.8052,1635.1456,1543.9754,85.08313,95.0222,590.6532735,0.189923594,103.8714308,239.2951513,0.006095793,0.007715803,2040,0.990497787,6.80E-05,0.919476583,501,1,558.637288,0.084937292,77.99648722,161.1504481,0.002312552,0.007816045,2041,0.989496417,1.11E-05,0.809532683,501,1,484,852,368,0.190535,0.105671,0.106498,2.26727,0.110916,584.475,680,0,1895
2333,2.03E-08,0.929841126,528.2641393,0.002622729,2010,0.997898939,0.000626493,0.986872232,501,1,12,,1,0.9,0.98,0.984615385,719.9846,804.5954,762.29,96.58682,107.0155,483.8018474,0.176392122,59.61525585,140.9554839,3.76E-09,0.007443783,2010,0.995623414,1.88E-05,0.824845547,501,1,462.2174024,0.057109666,52.28920942,78.39160544,0.004190561,0.009014924,2011,0.975143989,6.44E-06,0.821742239,501,1,416,644,228,0.176392,0.119646,0.121013,3.18519,0.125139,483.802,528,0,1224.54497
2334,5.08E-08,0.89013933,516.8361587,0.003141388,2010,0.998262003,0.00045314,0.979693795,501,1,11.5,,0.9875,0.9,0.97,0.976923077,967.4134,1045.648,1006.5307,103.4132,105.3769,472.3551071,0.293885166,58.30494293,124.9227888,0.000223712,0.005112789,2020,0.994763402,6.02E-05,0.929457458,501,1,427.2870729,0.073133216,39.30554005,106.9516691,0.000294932,0.001736065,2031,0.9905601,5.54E-06,0.826625987,501,1,404,596,192,0.293873,0.221126,0.227102,4.40121,0.22934,472.409,488,104,1511.28272
2336,2.59E-07,0.947751014,499.4669375,0.003654133,2020,0.999134194,0.000246892,0.962803142,501,1,7.7,,0.975,0.95,0.97,0.976923077,571.1064,675.0136,623.06,97.35439,96.9716,463.9713052,0.232501919,51.79698261,120.3061743,0.002612212,0.013720304,2020,0.991909056,5.19E-05,0.895752255,501,1,427.663216,0.100082945,51.17747453,63.53110935,0.001436605,0.005739627,2011,0.989448167,8.82E-06,0.841956372,501,1,428,588,160,0.232325,0.132218,0.146124,2.69516,0.171916,464.555,520,0,1268.91579
2337,1.49E-07,0.861078787,429.7000499,0.00442512,2010,0.992151914,0.001784807,0.992479792,501,1,13,,1,0.85,0.97,0.976923077,749.6236,785.7038,767.6637,91.25738,86.83156,467.0595437,0.215227804,67.35491535,79.92882904,0.000459621,0.008037781,2030,0.994116968,2.92E-05,0.902975686,501,1,478.2955441,0.034766112,72.24504779,59.39341514,0.002182236,0.009079622,2021,0.942419869,5.26E-06,0.87305324,501,1,368,540,172,0.215881,0.180732,0.180738,6.143,0.180728,464.619,464,0,1125.1466
2338,1.09E-08,0.949999749,532.1146091,0.002677926,2010,0.998324448,0.000541973,0.997700407,501,3,11.2,,1,0.6,0.92,0.938461538,994.7208,1004.9088,999.8148,114.9169,103.8002,515.8502354,0.262014471,101.5109824,100.6301928,0.019992753,0.026598077,2040,0.984248894,0.000132061,0.953304544,501,1,469.6862972,0.101371387,76.81196282,74.3217202,0.005976539,0.019456469,2011,0.916779083,8.00E-05,0.978702069,501,1,416,628,212,0.260002,0.159456,0.172639,2.97612,0.181902,516.297,548,0,1542.95789
2339,1.55E-08,0.840648075,326.2335492,0.003776617,2020,0.993801517,0.001071268,0.988916976,501,1,12.2,,1,0.85,0.97,0.976923077,589.2524,620.397,604.8247,90.80781,85.68752,336.1672542,0.187503899,50.19329611,77.50403787,1.29E-08,0.005100381,2030,0.990366152,3.29E-05,0.897209896,501,1,273.6769119,0.010685195,16.01174537,129.6628932,0.001931574,0.00199753,2040,0.957988368,8.37E-07,0.997464731,501,3,260,412,152,0.187504,0.178154,0.184796,69.2348,0.184795,336.167,336,0,1084.05236
2342,1.14E-07,0.961851959,478.652035,0.00417018,2010,0.997340803,0.000831557,0.987942398,501,1,12.1,,0.9375,0.9,0.93,0.930769231,650.2294,720.5776,685.4035,115.5465,84.4535,491.3437961,0.208638782,49.41869819,119.7648189,6.00E-07,0.000385944,2030,0.995084715,2.74E-05,0.847027831,501,1,503.2328425,0.01153143,90.03383831,110.0717735,1.71E-06,1.33E-06,2010,0.969114722,6.48E-07,0.929880405,501,1,424,588,164,0.208639,0.197107,0.197196,18.2336,0.197193,491.344,492,0,1125.15625
2343,5.40E-08,0.844969322,594.9744088,0.002113609,2020,0.996813689,0.00082366,0.988638072,501,1,11.4,,1,0.9,0.98,0.984615385,834.8958,1178.2336,1006.5647,109,102,575.8939956,0.123142108,86.59983717,123.6230775,8.29E-08,0.01033681,2011,0.992149318,1.63E-05,0.84094267,501,1,543.0935052,0.013780829,369.9116564,173.499184,3.60E-05,0.002893009,2011,0.876259549,4.73E-06,0.940181526,501,1,480,700,220,0.123142,0.105839,0.106658,7.47026,0.106739,575.893,580,0,1351.50785
2344,3.03E-08,0.972237177,500.4017811,0.003865539,2020,0.99718317,0.000900177,0.988359218,501,1,11.6,,0.9875,0.95,0.98,0.984615385,909.8418,774.8876,842.3647,112.0963,92.134,513.661611,0.158177793,71.6195873,91.85977298,1.41E-08,0.003978645,2030,0.995814633,1.26E-05,0.805634653,501,1,465.8613617,0.033132906,54.48118751,86.93066051,7.61E-06,6.70E-06,2011,0.989988878,1.24E-06,0.683124742,501,1,424,612,188,0.158178,0.125045,0.129397,5.49592,0.130709,513.662,524,0,1190.97396
2346,8.45E-08,0.986351198,473.3382137,0.00420521,2020,0.99842218,0.000512086,0.98495485,501,1,11.1,,0.9875,0.95,0.98,0.984615385,739.5608,827.9746,783.7677,95.41779,98.87095,461.8627938,0.27579018,55.40246381,94.02177822,8.30E-07,0.000221979,2040,0.995886489,3.63E-05,0.89380297,501,1,435.9859872,0.02254701,47.4606441,87.46095849,3.62E-06,1.98E-06,2010,0.984611641,8.50E-07,0.740463462,501,1,384,556,172,0.27579,0.253244,0.254375,12.8781,0.254303,461.863,464,104,1033.06771
2347,2.71E-08,0.909394302,520.4758876,0.003049054,2010,0.997783965,0.000609654,0.989038802,501,1,11.3,,1,0.9,0.98,0.984615385,852.0718,831.3038,841.6878,106.5987,NA,510.7889303,0.177243856,57.21994455,125.4470504,0.00709849,0.011890333,2010,0.992937574,2.68E-05,0.898739611,501,1,457.4517148,0.022210183,49.50633121,148.398166,6.04E-05,0.002730278,2031,0.970989028,1.82E-06,0.755105948,501,1,436,632,196,0.176937,0.154727,0.156185,8.52638,0.156189,514.047,520,0,1156.13684
2348,2.15E-08,0.975457706,465.128227,0.004012112,2010,0.996930494,0.000948767,0.986733604,501,1,12.7,,1,0.9,0.98,0.969230769,691.8888,751.669,721.7789,77.86314,82.3752,471.3265516,0.201253713,60.36254421,81.78927748,5.26E-09,0.002474772,2020,0.992513212,3.31E-05,0.851849178,501,1,463.7858797,0.011429929,64.22140158,121.0792677,1.56E-06,8.79E-07,2030,0.982268915,3.35E-07,0.866159181,501,1,384,540,156,0.201254,0.189824,0.18985,17.6479,0.189843,471.326,472,0,1196.94737
2349,7.89E-07,0.949695014,465.5563322,0.004719183,2020,0.99769437,0.000663837,0.984653432,501,1,12.7,,1,0.95,0.99,0.992307692,943.7124,1081.8982,1012.8053,107.866,100.376,483.4376204,0.286710892,60.73146809,63.84127403,2.38E-07,0.008064706,2030,0.995093296,3.83E-05,0.885112154,501,1,456.2640161,0.021322207,47.78410029,56.28770284,0.001916201,0.00195972,2030,0.953307983,1.57E-06,0.845655986,501,1,400,540,140,0.286711,0.267841,0.271558,18.9214,0.271617,483.437,488,100,1141.90104
2350,,,,,,,,,,,12.5,x,1,0.9,0.98,0.984615385,595.2436,721.1212,658.1824,111.0827,84.4535,,,,,,,,,,,,,,,,,,,,,,,,,,,,,,,,,,,,1115.03646
2351,1.53E-08,0.865981338,452.2851701,0.002082863,2020,0.99603785,0.000888398,0.989766066,501,1,13,,0.9875,0.25,0.84,0.876923077,602.7708,607.977,605.3739,124.6728,73.73971,385.457358,0.229365524,64.03800499,122.5406041,7.78E-09,0.007546331,2010,0.990290148,6.78E-05,0.944576506,501,1,405.8288505,0.013380285,160.796718,265.5154792,6.57E-05,0.000345003,2041,0.934379566,2.92E-06,0.91044954,501,1,296,500,204,0.229366,0.216963,0.216978,18.5162,0.216931,385.457,388,72,1244.38298
2352,6.35E-08,0.989416331,488.5073144,0.003155484,2010,0.997488595,0.000797077,0.985985262,501,1,12,,0.9875,0.95,0.98,0.984615385,743.44,661.452,702.446,87.90368,83.10413,455.6636521,0.281365019,59.42801108,127.1801707,2.42E-07,3.41E-07,2020,0.995398809,5.12E-05,0.887278644,501,1,440.7122835,0.090447062,53.55223293,71.88145106,0.000339015,1.93E-07,2020,0.98061802,3.89E-05,0.932561794,501,3,388,596,208,0.281366,0.19119,0.192377,3.16179,0.200005,455.665,504,4,921.890625
2354,2.64E-08,0.915991048,321.9201263,0.004514756,2020,0.992167372,0.001565933,0.991454842,501,1,16.3,,1,0.75,0.95,0.953846154,716.4326,561.466,638.9493,89,84,307.7456875,0.229388755,39.90453392,116.293463,4.45E-05,0.000393244,2010,0.993861624,3.87E-05,0.876616806,501,1,294.4729225,0.048232636,38.59023353,74.8653947,0.001225121,0.002630511,2010,0.984117159,8.23E-06,0.928285026,501,3,256,404,148,0.222938,0.176756,0.177556,4.91249,0.178092,308.181,320,0,1129.64063
2355,6.41E-08,0.936450715,405.6148133,0.005058365,2010,0.992942653,0.002426999,0.998969465,501,3,18,,1,1,1,1,583.6532,598.3072,590.9802,124,118,422.7852343,0.218830704,52.00133037,84.57067284,5.98E-08,0.015829281,2040,0.988934703,5.13E-05,0.924129985,501,1,364.5835225,0.011216267,20.38763467,151.732521,3.87E-06,2.32E-06,2010,0.969226534,1.23E-06,0.99892668,501,3,348,508,160,0.218831,0.208497,0.215311,62.1763,0.21529,422.785,424,52,994.463542
2356,1.40E-08,0.929999908,567.8352318,0.002825199,2010,0.997952901,0.000635033,0.998684086,501,3,16.4,,1,0.95,0.99,0.992307692,761.9556,862.8596,812.4076,97.35439,92.56225,543.8710078,0.106796208,76.4176198,125.5476049,0.002739281,0.008050611,2030,0.984695817,2.30E-05,0.883171071,501,1,524.7401522,0.022977853,75.88924896,90.6775461,2.03E-06,0.003670225,2031,0.943004396,3.39E-06,0.920686948,501,1,444,688,244,0.106684,0.0837061,0.0841366,4.7315,0.0844152,544.663,556,0,1351.60733
2380,2.80E-08,0.874296223,378.0119043,0.013377859,2010,0.997101456,0.001020778,0.998987774,501,3,17.4,,1,0.85,0.97,0.976923077,565.61,588.5482,577.0791,116.2048,76.6784,443.0834299,0.085346096,57.29458342,85.99059428,1.96E-08,0.016248946,2021,0.944057683,3.93E-05,0.962223591,501,1,1121.002119,0.002620411,16.062582,814.8777952,3.50E-06,0.002536776,2030,0.997516993,8.37E-09,0.338410424,501,1,352,548,196,0.0853458,0.0827234,0.085341,17821.2,0.0853371,443.082,444,0,1025.80729
2382,1.08E-07,0.978280327,438.7116261,0.004211487,2010,0.997398311,0.000792359,0.984390141,501,1,16.8,,1,0.95,0.99,0.992307692,509.6432,560.4694,535.0563,104.5822,96.9716,435.7409911,0.166641977,49.46441225,103.2158243,3.85E-09,0.003680976,2020,0.993161858,2.17E-05,0.893043606,501,1,410.6585688,0.014287391,42.18814524,159.3536164,3.34E-06,5.48E-05,2041,0.937159173,2.07E-06,0.875384459,501,1,364,532,168,0.166642,0.152354,0.152533,11.8107,0.152532,435.741,436,0,1003.46597
2383,1.19E-08,0.940088977,309.0847422,0.004216063,2020,0.99461298,0.001846226,0.999759301,501,3,18,,1,1,1,1,597.9024,672.4502,635.1763,121.0761,117.6248,307.5990005,0.204282055,51.34943721,93.65603517,1.12E-08,0.005199456,2040,0.992846119,3.23E-05,0.895015814,501,1,294.7531229,0.021766273,42.17921879,67.17169372,3.83E-06,2.47E-06,2041,0.985259717,6.30E-07,0.633104561,501,1,232,400,168,0.189469,0.167702,0.167908,8.78757,0.167896,302.887,304,0,1113.18229
2384,9.93E-09,0.769644707,433.298287,0.003810889,2010,0.996423212,0.000669954,0.989781002,501,1,16.8,,1,0.95,0.99,0.976923077,473.0716,500.1974,486.6345,119.2233,116.2048,437.5179023,0.04574035,45.84557051,122.8766416,5.67E-07,2.41E-07,2010,0.980488935,5.44E-06,0.891817219,501,1,NaN,0,NaN,NaN,0,0,-99,NaN,NaN,0,501,1,368,560,192,0.0457398,0.0457398,0,0,0,437.519,0,0,1007.44792
2387,2.62E-08,0.938500597,465.2106857,0.003872584,2020,0.99551963,0.001236264,0.986880577,501,1,16.3,,1,0.95,0.99,0.992307692,563.2886,670.6358,616.9622,98.49349,92.56225,441.0091415,0.199575311,40.75261526,93.97219697,8.16E-08,0.003777847,2020,0.99082778,3.79E-05,0.941137287,501,1,455.6716815,0.035364973,67.39985011,79.76574142,0.001893886,0.006839842,2021,0.943963402,6.21E-06,0.900036336,501,1,376,532,156,0.199575,0.165604,0.170633,6.89571,0.170572,441.009,440,0,1006.29167
2388,1.37E-07,0.85523224,437.1255626,0.00435881,2010,0.999002612,0.000235575,0.96700585,501,1,16.9,,1,0.8,0.96,0.961538462,556.488,549.4548,552.9714,104.5822,102.6456,433.9111046,0.153291898,49.66201201,97.75120408,5.00E-07,0.005549822,2021,0.995463689,1.15E-05,0.732962753,501,1,416.8112319,0.043451296,57.65894511,56.22383336,4.20E-06,1.44E-05,2031,0.98924462,1.89E-06,0.706184371,501,1,376,544,168,0.153293,0.109843,0.112303,3.7397,0.115899,433.904,464,0,886.692708
2389,2.49E-08,0.920414408,425.4614518,0.005047299,2020,0.995754546,0.001110016,0.987594993,501,1,17.4,,1,0.95,0.99,0.992307692,484.3028,570.6978,527.5003,90.80781,98.11508,434.5764708,0.167492096,38.20149192,81.79161722,5.51E-09,0.000611904,2021,0.994192343,1.55E-05,0.844344632,501,1,428.2866673,0.011391485,47.8396721,71.02240012,2.69E-06,0.00200155,2021,0.901129425,1.15E-06,0.956662799,501,1,376,508,132,0.167492,0.156101,0.156156,14.7757,0.156131,434.576,436,0,1139.77604
2390,9.13E-08,0.965318673,398.2537141,0.005499163,2010,0.99757171,0.000677056,0.985801399,501,1,16.4,,1,0.95,0.99,0.992307692,586.6376,651.3888,619.0132,99.2477,117.6248,424.0657309,0.221662968,42.54239727,73.36575799,0.000272232,0.004954208,2010,0.997055176,1.29E-05,0.698411704,501,1,407.213426,0.011509724,52.07482517,83.84908322,7.20E-06,4.29E-06,2030,0.979593425,3.01E-07,0.857561204,501,1,360,492,132,0.221663,0.210155,0.210383,19.6515,0.210383,424.066,424,40,974
2392,1.82E-08,0.912932409,338.327096,0.003987813,2010,0.994618131,0.001131646,0.991543822,501,1,17.6,,1,1,1,0.992307692,529.2476,646.632,587.9398,110.1173,103.8002,349.1155111,0.193277803,54.63887525,143.2648014,9.71E-09,0.000528629,2030,0.99461612,2.93E-05,0.870863765,501,1,359.8147151,0.019342003,86.02332608,57.27567739,1.32E-05,0.002088513,2041,0.947878508,1.89E-06,0.873145777,501,1,276,488,212,0.193278,0.181906,0.183446,19.6576,0.183407,349.116,352,0,1056.77604
2393,9.46E-08,0.949990639,455.111275,0.00309084,2020,0.997873782,0.000569505,0.985244794,501,1,17.4,,1,0.85,0.97,0.976923077,566.6556,635.0182,600.8369,82.3752,97.35439,452.8989867,0.22593644,72.16773351,98.96835067,0.000966326,0.00962695,2010,0.996603383,2.07E-05,0.847052838,501,1,389.5459212,0.03086142,32.08418649,95.91542367,0.000219996,0.00514237,2021,0.983545488,1.30E-06,0.716380928,501,1,360,552,192,0.221218,0.190357,0.19527,8.52531,0.195453,449.856,456,0,1019.35417
2394,3.51E-08,0.960067876,473.4175889,0.0039746,2020,0.998800722,0.000369351,0.978465625,501,1,16.7,,1,1,1,1,723.5074,825.0816,774.2945,103.0284,111.0827,495.8631131,0.133668549,73.71105089,73.69484009,1.17E-08,0.006375439,2030,0.991385892,1.64E-05,0.811581856,501,1,441.7422032,0.011227438,45.28051206,126.4097233,1.26E-06,0.001171773,2040,0.908414501,1.49E-06,0.961635675,501,1,392,556,164,0.133669,0.122441,0.123327,12.9249,0.123326,495.863,496,0,1189.79167
2395,1.12E-09,0.855004724,370.5620485,0.00362495,2010,0.99565553,0.000864088,0.985128231,501,1,16.9,,0.9875,0.95,0.98,0.984615385,498.851,520.7266,509.7888,126.2603,109.6502,360.8617215,0.207158424,43.87854721,102.3736682,6.65E-08,0.000171368,2020,0.993751147,3.05E-05,0.886251181,501,1,349.9488471,0.033353023,49.71245835,75.194814,4.66E-06,1.84E-05,2041,0.988134266,1.32E-06,0.709691354,501,1,296,464,168,0.207158,0.173805,0.174102,6.26678,0.174285,360.862,364,0,912.786458
2396,8.75E-08,0.953847115,382.4884184,0.004542363,2020,0.997743159,0.000584372,0.98692557,501,1,16.6,,1,1,1,1,488.332,541.4686,514.9003,126.2603,103.4132,379.1812807,0.270968622,46.77215306,85.65155504,4.03E-07,0.005530906,2030,0.996997397,2.22E-05,0.789189243,501,1,355.5294671,0.038848837,46.38531673,68.68440912,2.11E-06,0.001468076,2041,0.980186606,2.64E-06,0.706095904,501,1,312,464,152,0.270969,0.23212,0.234418,7.41361,0.234777,379.181,384,80,901.348958
2397,6.28E-07,0.926691015,367.3652904,0.006393833,2020,0.995274043,0.001123691,0.987623435,501,1,17.9,,0.9875,0.9,0.97,0.976923077,518.4422,492.5564,505.4993,126.2603,130.8062,395.0602817,0.185946542,43.77636873,87.84093708,1.90E-08,0.039481384,2020,0.945272483,0.000166712,0.979845534,501,1,404.7064545,0.011027783,46.85927132,61.76617518,6.87E-07,1.29E-06,2030,0.97696089,6.71E-07,0.997993415,501,3,328,496,168,0.185947,0.175721,0.184186,105.63,0.184178,395.06,396,0,973.821053
2398,7.83E-08,0.965634758,351.1651166,0.00488767,2020,0.995986965,0.000992403,0.985223329,501,1,17,,1,1,1,0.984615385,678.9524,721.899,700.4257,105.7798,83.10413,361.7643853,0.235814074,48.28095114,82.91872204,9.53E-08,4.39E-05,2010,0.997788871,1.27E-05,0.768872942,501,1,358.5654096,0.061111093,51.40192793,55.5539269,1.03E-05,1.22E-05,2041,0.993392615,2.14E-06,0.531600324,501,1,296,448,152,0.235814,0.174702,0.174994,3.87725,0.174912,361.764,368,0,856.322917
2400,2.55E-08,0.982723607,354.0503381,0.004735756,2020,0.996077867,0.001019788,0.986497044,501,1,16,,1,1,1,1,446.2538,479.651,462.9524,95.0222,104.1898,363.172607,0.2789759,46.69847394,83.60551595,2.08E-07,1.83E-07,2030,0.995744954,3.46E-05,0.861804647,501,1,435.6268589,0.008356387,137.1010053,16.06429422,0.000216746,0.002404588,2030,0.936708974,1.09E-06,0.9709682,501,3,292,440,148,0.278976,0.276359,0.277668,213.352,0.277655,363.173,364,104,946.552083
2405,3.31E-08,0.991379696,400.7458583,0.005642969,2020,0.996528775,0.001030019,0.98701274,501,1,17.89,,1,1,1,1,575.655,594.4726,585.0638,104.5822,109.1922,405.8652517,0.182481698,38.22018842,100.6234297,3.95E-09,0.001318359,2011,0.99376968,2.24E-05,0.872426762,501,1,413.7780779,0.003080978,65.52440126,57.29844736,6.67E-06,5.34E-06,2030,0.938258031,6.41E-08,0.797340772,501,1,344,508,164,0.182482,0.1794,0.179402,59.2565,0.179361,405.865,408,0,920.286458
2406,2.96E-08,0.983764657,503.9542631,0.003229418,2010,0.997625344,0.00077009,0.985525902,501,1,11.2,,1,0.9,0.98,0.984615385,550.8828,549.817,550.3499,95.81021,87.90368,465.3222534,0.241267333,50.57228599,155.451557,7.75E-09,9.12E-05,2020,0.995909286,3.59E-05,0.888752846,501,1,469.2845561,0.053494037,49.09204835,100.119346,4.20E-07,0.000182422,2011,0.991420874,2.85E-06,0.680610137,501,1,392,624,232,0.241267,0.187773,0.187791,4.51169,0.188,465.322,464,0,976.135417
2415,2.34E-08,0.988881869,444.504076,0.004754776,2010,0.997463239,0.000804299,0.987244993,501,1,17,,1,0.95,0.99,0.992307692,603.2514,698.243,650.7472,105.7798,97.73546,454.3234036,0.141872613,56.51658063,85.99682533,7.59E-08,0.003037135,2041,0.993006001,1.52E-05,0.862224699,501,1,438.3937681,0.006025595,53.85593601,92.41477073,6.32E-06,3.57E-06,2031,0.971180356,1.26E-07,0.800281037,501,1,372,532,160,0.141873,0.135856,0.135962,24.0032,0.135936,454.323,456,0,1026.51042
2469,,,,,,,,,,,17.83,x,1,0.9,0.98,0.984615385,412.866,493.4216,453.1438,108.7426,103.0284,,,,,,,,,,,,,,,,,,,,,,,,,,,,,,,,,,,,749.104167
2474,2.25E-08,0.928614028,413.254099,0.00412631,2020,0.996878301,0.000790278,0.986266913,501,1,16.41,,1,1,1,1,518.3616,590.8072,554.5844,121.0761,111.0827,401.1562224,0.215310831,49.35514768,96.35574684,1.78E-08,0.002290567,2040,0.993123581,3.56E-05,0.900635825,501,1,386.7471863,0.04066942,55.71382121,72.88622326,1.18E-05,0.000694295,2031,0.986183476,2.28E-06,0.74952734,501,1,336,488,152,0.215311,0.174642,0.175297,5.38088,0.175768,401.156,408,0,1008.17708
2476,,,,,,,,,,,16.25,x,1,0.95,0.99,0.984615385,537.939,521.06,529.4995,111.0827,92.98452,,,,,,,,,,,,,,,,,,,,,,,,,,,,,,,,,,,,851.208333
2481,2.23E-08,0.956953955,483.806293,0.004189739,2020,0.998624064,0.00042956,0.97783345,501,1,16.91,,1,1,1,0.992307692,597.035,642.6344,619.8347,114.9169,92.134,508.8900058,0.116769195,84.73812285,95.8598024,2.49E-07,0.002734923,2011,0.984868816,2.75E-05,0.934459333,501,1,NaN,0,NaN,NaN,0,0,-99,NaN,NaN,0,501,1,388,608,220,0.116769,0.116769,0,0,0,508.89,0,0,1123.13021
2487,1.82E-08,0.858507934,431.0132989,0.003142093,2020,0.994210694,0.001314422,0.993626726,501,1,17.85,,1,0.75,0.95,0.961538462,602.4618,520.5392,561.5005,101.1291,86.26952,418.6110964,0.14301965,47.75539634,107.0407205,8.48E-07,0.005748483,2021,0.993453072,1.50E-05,0.864874993,501,1,497.3083046,0.006166496,92.40720693,17.66669841,2.47E-06,5.96E-06,2020,0.948165616,1.91E-07,0.811469981,501,1,348,508,160,0.14302,0.136853,0.138674,32.9112,0.138662,418.611,420,0,818.265625
2491,1.38E-07,0.91278848,449.9781402,0.004185411,2010,0.998562682,0.000377605,0.977443118,501,1,16.02,,0.9875,0.75,0.94,0.953846154,708.1688,710.7774,709.4731,99.62397,79.88867,431.4247101,0.2455118,52.18673435,87.65297682,7.50E-08,0.000376901,2040,0.995715575,2.82E-05,0.856018918,501,1,439.3249329,0.054766042,64.45394107,53.86288684,1.71E-06,0.004438614,2041,0.987037299,3.25E-06,0.783495853,501,1,360,516,156,0.245512,0.191555,0.191589,4.55304,0.191584,431.425,432,0,1078.47396
2492,8.72E-08,0.997879931,442.0734449,0.004308996,2010,0.997164425,0.000876963,0.981223821,501,1,17.64,,0.9875,0.75,0.94,0.953846154,625.3906,628.9666,627.1786,93.40131,82.3752,408.5390623,0.26736085,37.64234134,95.24496219,1.88E-06,0.000689591,2010,0.994011981,4.47E-05,0.885785603,501,1,411.1106363,0.099703078,37.64770797,70.78757572,2.11E-06,1.84E-06,2021,0.993341101,5.86E-06,0.835784461,501,1,352,500,148,0.267361,0.167658,0.167998,2.69074,0.167971,408.539,408,0,1015.6875
2495,4.24E-08,0.986396078,430.5906197,0.004403511,2010,0.9971679,0.000862724,0.985513055,501,1,16.45,,1,1,1,1,481.5458,475.8344,478.6901,111.0827,104.5822,443.6137848,0.210745778,50.21084831,85.52077653,1.04E-08,0.001010797,2010,0.990900477,4.31E-05,0.928089161,501,1,420.0751053,0.011054518,43.07209362,60.57951272,4.49E-06,3.32E-06,2041,0.982929168,1.79E-07,0.691811912,501,1,372,516,144,0.210746,0.200498,0.200941,21.4935,0.200939,443.614,444,16,944.958333
2496,,,,,,,,,,,16.22,x,1,0.85,0.97,0.976923077,432.1322,465.6822,448.9072,128.2119,117.6248,,,,,,,,,,,,,,,,,,,,,,,,,,,,,,,,,,,,762.40625
2498,1.85E-08,0.607491898,408.7709524,0.003001211,2020,0.995280217,0.000497078,0.984934132,501,1,16.27,,1,0.95,0.99,0.992307692,533.9488,555.2912,544.62,107.0155,98.87095,422.3681188,0.141553929,44.76201682,105.1894864,0.003002392,0.049852464,2041,0.99457052,9.55E-06,0.813340941,501,1,364.8786944,0.010421522,16.03082731,135.6303259,0.002494338,0.007793192,2040,0.988692257,1.08E-07,0.671528881,501,1,356,560,204,0.137027,0.126151,0.126653,13.2095,0.126633,421.868,424,0,880.307292
2499,,,,,,,,,,,16.28,x,1,0.8,0.96,0.969230769,475.3192,464.3604,469.8398,99.2477,79.88867,,,,,,,,,,,,,,,,,,,,,,,,,,,,,,,,,,,,945.911458
2586,3.54E-07,0.983058935,445.5006917,0.004405895,2020,0.996706276,0.001013241,0.988071913,501,1,17.21,,1,0.95,0.99,0.992307692,660.4684,726.616,693.5422,101.8849,97.73546,473.8027968,0.229472178,60.84052293,84.69378695,6.25E-09,4.82E-09,2020,0.991303256,5.33E-05,0.945202713,501,1,424.0135996,0.01176902,46.80294813,88.45641842,7.86E-06,0.001886594,2011,0.885977718,1.64E-06,0.969753048,501,1,384,560,176,0.229472,0.217706,0.219274,22.5017,0.219197,473.803,476,60,1255.89583
